,words,counts
0,中国,264
1,电影,259
2,科幻,259
3,地球,234
4,特效,154
6,流浪,126
7,说,123
8,煽情,96
9,科幻电影,88
10,故事,85
11,人类,85
12,科幻片,84
13,人物,84
14,没,83
15,中,79
16,真的,79
17,里,78
18,希望,76
19,更,74
20,国产,73
21,原著,72
22,太,72
23,拍,70
24,台词,70
25,剧情,69
26,好莱坞,69
27,硬,67
28,设定,66
29,吴京,64
30,一部,62
31,这部,58
32,想,58
33,木星,55
34,大片,54
35,刘,53
36,情感,51
37,尴尬,51
38,感觉,51
39,鼓励,50
40,太空,47
41,刘慈欣,47
42,观众,45
43,灾难片,45
44,角色,44
45,做,43
46,宇宙,43
47,不错,43
48,值得,41
49,片子,41
50,完,41
51,三星,40
52,分,40
53,点,40
54,拯救,39
55,细节,38
56,导演,38
57,片,37
58,演技,37
59,叙事,37
60,星际,36
61,影片,36
62,挺,35
63,穿越,35
64,元年,35
65,一点,34
66,战狼,34
67,情节,33
68,小说,33
69,灾难,33
70,类型,33
71,特别,33
72,水平,33
73,演员,33
74,剪辑,33
75,作品,32
76,戏,32
77,意义,31
78,感,31
79,年,30
80,地方,30
81,星,30
82,确实,30
83,喜欢,29
84,世界,29
85,镜头,29
86,画面,29
87,场面,29
88,讲,28
89,一种,28
90,场景,28
91,剧本,28
92,终于,27
93,感动,27
94,节奏,27
95,技术,27
96,宏大,27
97,尬,26
98,水准,26
99,空间站,26
100,只能,26
101,整体,26
102,「,26
103,计划,25
104,精神,25
105,牺牲,25
106,逻辑,25
107,出,25
108,死,25
109,东西,24
110,带,24
111,吹,24
112,好看,24
113,内核,24
114,五星,24
115,救援,24
116,式,23
117,真,23
118,工业,23
119,这是,22
120,硬核,22
121,表演,22
122,制作,22
123,新,22
124,背景,22
125,套路,22
126,想象力,22
127,高,22
128,人性,22
129,春节,21
130,地下城,21
131,预期,21
132,美国,21
133,关系,21
134,前,21
135,文化,21
136,算,20
137,实在,20
138,主角,20
139,文明,20
140,时,20
141,本片,20
142,救,20
143,期待,19
144,标准,19
145,缺点,19
146,理解,19
147,点燃,19
148,一星,19
149,国内,19
150,朵朵,19
151,情绪,18
152,浪漫,18
153,回家,18
154,成功,18
155,逼,17
156,英雄主义,17
157,四星,17
158,全球,17
159,想象,17
160,价值观,17
161,评分,17
162,编剧,17
163,依然,17
164,广播,17
165,差,16
166,情怀,16
167,完整,16
168,生硬,16
169,成,16
170,社会,16
171,地心引力,16
172,视觉,16
173,家庭,16
174,格局,16
175,呈现,16
176,塑造,16
177,视效,16
178,三体,16
179,特色,16
180,笑,16
181,里程碑,15
182,可惜,15
183,表现,15
184,一句,15
185,命运,15
186,钱,15
187,未来,15
188,不好,15
189,肯定,15
190,效果,15
191,英雄,15
192,加,15
193,黑,15
194,科技,15
195,那种,15
196,半,15
197,发动机,14
198,显得,14
199,时代,14
200,本来,14
201,走,14
202,算是,14
203,合格,14
204,够,14
205,科学,14
206,市场,14
207,价值,14
208,绝望,14
209,华语,14
210,硬伤,14
211,孩子,14
212,令人,14
213,选择,14
214,2001,14
215,之间,14
216,泪,13
217,瑕疵,13
218,改编,13
219,漫游,13
220,哭,13
221,配音,13
222,看过,13
223,一半,13
224,两个,13
225,失望,13
226,概念,13
227,电影院,13
228,主题,13
229,郭帆,13
230,元素,13
231,全片,13
232,全世界,12
233,吴孟达,12
234,豆瓣,12
235,过程,12
236,后半段,12
237,国家,12
238,像是,12
239,韩,12
240,几个,12
241,观影,12
242,发展,12
243,致敬,12
244,糟糕,12
245,展现,12
246,层面,12
247,超越,12
248,表达,12
249,第一部,12
250,毁灭,12
251,太阳,12
252,充满,12
253,全程,12
254,票房,12
255,更是,12
256,没什么,11
257,请,11
258,惊喜,11
259,人文,11
260,感情,11
261,前半段,11
262,混乱,11
263,写,11
264,牛,11
265,解决,11
266,至少,11
267,国际,11
268,屈楚,11
269,两行,11
270,完成度,11
271,足够,11
272,震撼,11
273,优点,11
274,男,11
275,倒,11
276,题材,11
277,面前,11
278,没想到,11
279,级,11
280,理性,11
281,那段,11
282,完美,10
283,配乐,10
284,结构,10
285,话,10
286,主旋律,10
287,bug,10
288,核心,10
289,接受,10
290,国产电影,10
291,化,10
292,爆,10
293,能力,10
294,好像,10
295,电影工业,10
296,经典,10
297,后天,10
298,搞,10
299,刻意,10
300,方式,10
301,人类文明,10
302,粗糙,10
303,自我,10
304,末日,10
305,商业,10
306,剧作,10
307,理智,10
308,3.5,10
309,美术,10
310,萧,10
311,一段,10
312,顶级,10
313,激动,10
314,吃,10
315,全,10
316,事情,10
317,演,9
318,过度,9
319,二,9
320,越来越,9
321,营造,9
322,创作,9
323,强行,9
324,扎实,9
325,精彩,9
326,恢弘,9
327,时间,9
328,熟悉,9
329,想起,9
330,少,9
331,儿子,9
332,年轻,9
333,基础,9
334,中国式,9
335,联合政府,9
336,拍出,9
337,爱,9
338,太多,9
339,低,9
340,亲情,9
341,历史,9
342,单薄,9
343,风格,9
344,作用,9
345,集体,9
346,想到,9
347,远,9
348,美学,9
349,现实,9
350,所有人,9
351,导致,9
352,妹妹,9
353,上海,9
354,出戏,9
355,忍不住,9
356,明明,9
357,少年,9
358,质感,9
359,缺乏,9
360,赞,9
361,推进,9
362,红海,9
363,强,9
364,线,9
365,开头,9
366,小时,9
367,时刻,9
368,之外,9
369,忽略,8
370,评价,8
371,结局,8
372,冲突,8
373,不想,8
374,代表,8
375,对不上,8
376,总体,8
377,救援队,8
378,无论是,8
379,更好,8
380,软,8
381,刘启,8
382,片尾,8
383,民族,8
384,幼稚,8
385,转折,8
386,梗,8
387,人设,8
388,燃烧,8
389,危机,8
390,相比,8
391,亮点,8
392,火种,8
393,高潮,8
394,北京,8
395,家,8
396,唯一,8
397,2019,8
398,心,8
399,一场,8
400,设计,8
401,不行,8
402,有没有,8
403,原作,8
404,不到,8
405,档,8
406,分钟,8
407,剩下,8
408,满分,8
409,世界末日,8
410,看不到,8
411,团队,8
412,亲人,8
413,矛盾,8
414,李,8
415,渲染,8
416,父亲,8
417,拍摄,8
418,史诗,8
419,框架,8
420,父子,8
421,原因,8
422,迷,8
423,创意,8
424,语言,8
425,扁平,8
426,女性,8
427,"
",8
428,结尾,8
429,视觉效果,8
430,一分,8
431,行,8
432,讨厌,8
433,!,8
434,仿佛,8
435,全人类,7
436,审美,7
437,初中生,7
438,场,7
439,换,7
440,视听,7
441,太尬,7
442,到位,7
443,電影,7
444,集体主义,7
445,超出,7
446,真实,7
447,明白,7
448,刻画,7
449,脑洞,7
450,3D,7
451,动作,7
452,恢宏,7
453,铺垫,7
454,一步,7
455,环境,7
456,面对,7
457,是因为,7
458,用心,7
459,爆炸,7
460,这片,7
461,音乐,7
462,小孩,7
463,泪点,7
464,之作,7
465,太阳系,7
466,程度,7
467,世界观,7
468,整部,7
469,展示,7
470,一颗,7
471,开启,7
472,骂,7
473,最终,7
474,感受,7
475,关键,7
476,符合,7
477,演讲,7
478,天体,7
479,告诉,7
480,定义,7
481,不住,7
482,有人,7
483,发现,7
484,银幕,7
485,科学家,7
486,末世,7
487,架构,7
488,社会主义,7
489,思考,7
490,伦理,7
491,反正,7
492,难看,7
493,探索,7
494,自然,7
495,起点,7
496,交代,7
497,户口,7
498,诚意,7
499,放弃,7
500,影子,7
501,骄傲,7
502,可怕,7
503,共同体,7
504,瑕不掩瑜,7
505,地面,7
506,烂片,7
507,生命,7
508,视角,7
509,问,7
510,版,7
511,家国,7
512,及格,7
513,日本,6
514,加一星,6
515,难,6
516,关怀,6
517,永远,6
518,外国人,6
519,中國,6
520,好评,6
521,过年,6
522,建立,6
523,证明,6
524,怕,6
525,莫名其妙,6
526,政治,6
527,引力,6
528,影视,6
529,⭐,6
530,记得,6
531,煽,6
532,度,6
533,科幻世界,6
534,营救,6
535,懂,6
536,内容,6
537,印象,6
538,稳,6
539,模仿,6
540,地下,6
541,厉害,6
542,渺小,6
543,干嘛,6
544,尝试,6
545,站,6
546,跑,6
547,努力,6
548,后期,6
549,一部分,6
550,撞,6
551,愚公移山,6
552,看着,6
553,一波,6
554,10,6
555,阻塞,6
556,找,6
557,冷静,6
558,笑点,6
559,冒险,6
560,专业,6
561,国外,6
562,机会,6
563,两星,6
564,质量,6
565,角度,6
566,外国,6
567,新意,6
568,无比,6
569,语境,6
570,推动,6
571,奇怪,6
572,苍白,6
573,2012,6
574,样子,6
575,亿,6
576,路,6
577,人工智能,6
578,史,6
579,外壳,6
580,反转,6
581,回来,6
582,吐,6
583,发生,6
584,心情,6
585,实力,6
586,不算,6
587,带来,6
588,道路,6
589,穿,6
590,家园,6
591,成熟,6
592,第一次,6
593,客观,6
594,打分,6
595,延续,6
596,直,6
597,看似,6
598,火石,6
599,千万条,6
600,生活,6
601,年代,6
602,国人,6
603,男主,6
604,扣,6
605,动机,6
606,国产片,6
607,狼,6
608,深刻,6
609,打动,6
610,宏伟,6
611,掉,6
612,级别,6
613,旁白,6
614,找到,6
615,不用,6
616,朋克,6
617,冰封,6
618,部,6
619,50,6
620,几处,6
621,男人,6
622,本质,6
623,间,6
624,自我牺牲,5
625,离开,5
626,干,5
627,永恒,5
628,评论,5
629,缺失,5
630,很棒,5
631,杭州,5
632,情结,5
633,家人,5
634,讓,5
635,营销,5
636,情,5
637,执行,5
638,难以,5
639,俄罗斯,5
640,友邻,5
641,磅礴,5
642,第一步,5
643,第一条,5
644,星球,5
645,非,5
646,驾驶,5
647,热血,5
648,戏份,5
649,PS,5
650,参与,5
651,推敲,5
652,缺少,5
653,配角,5
654,毛病,5
655,饱和,5
656,任性,5
657,引发,5
658,2500,5
659,改变,5
660,普世,5
661,廉价,5
662,念白,5
663,土,5
664,有待,5
665,情况,5
666,规范,5
667,太过,5
668,讲述,5
669,难度,5
670,愚蠢,5
671,记住,5
672,包括,5
673,made,5
674,方向,5
675,我国,5
676,理论,5
677,运动,5
678,地震,5
679,一群,5
680,不让,5
681,一個,5
682,总,5
683,抛开,5
684,影像,5
685,空间,5
686,应有,5
687,一件,5
688,★,5
689,无聊,5
690,大气,5
691,吐槽,5
692,自信,5
693,口型,5
694,首部,5
695,原创,5
696,独立,5
697,办法,5
698,模糊,5
699,起码,5
700,力量,5
701,未知,5
702,棒,5
703,第一,5
704,电脑,5
705,忘记,5
706,影院,5
707,燃,5
708,长,5
709,疯狂,5
710,此片,5
711,当代,5
712,乱,5
713,尺度,5
714,脑袋,5
715,有种,5
716,猜,5
717,观感,5
718,要说,5
719,说到底,5
720,做好,5
721,片中,5
722,烂,5
723,火星,5
724,老,5
725,桥段,5
726,科,5
727,大部分,5
728,高科技,5
729,冲撞,5
730,遗憾,5
731,美式,5
732,突兀,5
733,优秀,5
734,黑暗,5
735,爸爸,5
736,想想,5
737,30,5
738,投资,5
739,中心,5
740,拖,5
741,口号,5
742,成长,5
743,批评,5
744,形象,5
745,动人,5
746,换个,5
747,大年初一,5
748,回答,5
749,差距,5
750,事,5
751,槽,5
752,号,5
753,高级,5
754,文本,5
755,思想,5
756,锅,5
757,连接,5
758,通病,5
759,越,5
760,悲壮,5
761,启航,5
762,爆米花,5
763,一股,5
764,赛博,5
765,事儿,5
766,行星,5
767,认同,5
768,停留,5
769,突破,5
770,足以,5
771,爱国,5
772,体现,5
773,剧,5
774,模式,5
775,上映,5
776,感到,5
777,音效,5
778,宇宙观,5
779,春晚,4
780,展开,4
781,很尬,4
782,手段,4
783,赚,4
784,错误,4
785,看得,4
786,住,4
787,说实话,4
788,道具,4
789,旁边,4
790,撞击,4
791,内部,4
792,不及格,4
793,亮眼,4
794,活着,4
795,太差,4
796,清晰,4
797,同类,4
798,太高,4
799,佳作,4
800,犯,4
801,为啥,4
802,东方明珠,4
803,打破,4
804,宏观,4
805,打爆,4
806,给出,4
807,力,4
808,麻烦,4
809,中式,4
810,社会形态,4
811,影响,4
812,这句,4
813,弄,4
814,一堆,4
815,能量,4
816,典型,4
817,薄弱,4
818,系列,4
819,方案,4
820,补,4
821,体量,4
822,煽动,4
823,简单,4
824,绑架,4
825,俩,4
826,好好,4
827,一流,4
828,放在,4
829,标杆,4
830,近乎,4
831,玩意,4
832,字,4
833,反感,4
834,仅仅,4
835,乱七八糟,4
836,玩,4
837,表情,4
838,始终,4
839,宇航员,4
840,正,4
841,强大,4
842,谢谢,4
843,眼睛,4
844,氧气,4
845,凌乱,4
846,人定胜天,4
847,姥爷,4
848,解释,4
849,观念,4
850,哥哥,4
851,受不了,4
852,有意思,4
853,想要,4
854,位置,4
855,多年,4
856,惊人,4
857,浩瀚,4
858,主创,4
859,气势恢宏,4
860,同意,4
861,砸,4
862,讲故事,4
863,推荐,4
864,动作片,4
865,缺,4
866,频带,4
867,亿年,4
868,过头,4
869,恐,4
870,法语,4
871,费,4
872,快,4
873,其他人,4
874,无疑,4
875,IMAX,4
876,china,4
877,降临,4
878,宣传,4
879,一会,4
880,不知,4
881,置换,4
882,tm,4
883,细思极,4
884,布里克,4
885,三分,4
886,电梯,4
887,爹,4
888,支持,4
889,刻板,4
890,东方,4
891,刷,4
892,权力,4
893,80,4
894,极,4
895,天地,4
896,这才,4
897,跟着,4
898,戏码,4
899,粉丝,4
900,僵硬,4
901,民族主义,4
902,壮阔,4
903,色彩,4
904,作文,4
905,奇观,4
906,屎,4
907,人口,4
908,堆积,4
909,飞,4
910,稚嫩,4
911,2.5,4
912,一生,4
913,真心,4
914,拖沓,4
915,一是,4
916,感人,4
917,比重,4
918,一座,4
919,代入,4
920,体验,4
921,这一,4
922,开场,4
923,舒服,4
924,还原,4
925,动力,4
926,想着,4
927,二十年,4
928,西方,4
929,知识,4
930,态度,4
931,调动,4
932,道德,4
933,群像,4
934,结束,4
935,拿出,4
936,听,4
937,放,4
938,适合,4
939,晕,4
940,取舍,4
941,心理,4
942,谈,4
943,工作,4
944,功底,4
945,戴,4
946,个体,4
947,出品,4
948,气氛,4
949,商业片,4
950,很大,4
951,毁,4
952,三个,4
953,演戏,4
954,父子情,4
955,泪水,4
956,提,4
957,两,4
958,嘴型,4
959,爱国主义,4
960,提供,4
961,拍成,4
962,跟不上,4
963,不太,4
964,行业,4
965,抓,4
966,太空站,4
967,搞笑,4
968,十几年,4
969,某种,4
970,回,4
971,潦草,4
972,一套,4
973,飞船,4
974,先,4
975,尊重,4
976,世纪,4
977,超过,4
978,加油,4
979,近景,4
980,双线,4
981,渣,4
982,好多,4
983,太平洋,4
984,看得出,4
985,意外,4
986,思维,4
987,摸,4
988,热情,4
989,冗长,4
990,吸引,4
991,一出,4
992,消失,4
993,Moss,4
994,失败,4
995,革命,4
996,娱乐,4
997,高度,4
998,主线,4
999,改动,4
1000,过分,4
1001,环,4
1002,光洁,4
1003,拉,4
1004,路数,4
1005,回忆,4
1006,景观,4
1007,给予,4
1008,远景,4
1009,坏,4
1010,逃离,4
1011,类似,4
1012,本土,4
1013,喊,4
1014,凑,4
1015,只会,4
1016,生存,4
1017,推,4
1018,氛围,4
1019,一声,3
1020,联合国,3
1021,数字,3
1022,100,3
1023,意见,3
1024,同伴,3
1025,最有,3
1026,二是,3
1027,2D,3
1028,70,3
1029,全靠,3
1030,工具,3
1031,几十亿,3
1032,反派,3
1033,鸡血,3
1034,坐在,3
1035,讨论,3
1036,张嘴,3
1037,微笑,3
1038,拍法,3
1039,表面,3
1040,颤抖,3
1041,厌烦,3
1042,自救,3
1043,孤独,3
1044,迎接,3
1045,思路,3
1046,动员,3
1047,看不下去,3
1048,侮辱,3
1049,短评,3
1050,戳,3
1051,小女孩,3
1052,起步,3
1053,癌,3
1054,构建,3
1055,大爱,3
1056,暴露,3
1057,经不起,3
1058,正确,3
1059,权利,3
1060,中途,3
1061,撞针,3
1062,高明,3
1063,活,3
1064,如果说,3
1065,错,3
1066,三观,3
1067,嘴脸,3
1068,男主角,3
1069,巨婴,3
1070,空白,3
1071,拖后腿,3
1072,全球化,3
1073,表扬,3
1074,人能,3
1075,尷尬,3
1076,花,3
1077,儿戏,3
1078,莫斯,3
1079,广电,3
1080,说好,3
1081,紧张,3
1082,信任,3
1083,喷,3
1084,天天,3
1085,口碑,3
1086,智障,3
1087,开心,3
1088,开端,3
1089,事实上,3
1090,困境,3
1091,定,3
1092,闭嘴,3
1093,日,3
1094,叛逆,3
1095,庸俗,3
1096,碎片,3
1097,名字,3
1098,细致,3
1099,迎合,3
1100,形式,3
1101,日月,3
1102,传达,3
1103,TM,3
1104,层层,3
1105,鄙视,3
1106,点太多,3
1107,面目全非,3
1108,考验,3
1109,流泪,3
1110,降低标准,3
1111,飞跃,3
1112,持续,3
1113,美感,3
1114,钢铁,3
1115,团结,3
1116,有趣,3
1117,对话,3
1118,主流,3
1119,老少,3
1120,智慧,3
1121,勉强,3
1122,引爆,3
1123,大于,3
1124,宽容,3
1125,基因,3
1126,描写,3
1127,赞美,3
1128,学得,3
1129,或者说,3
1130,能源,3
1131,赶紧,3
1132,一把,3
1133,回到,3
1134,千万,3
1135,~,3
1136,文戏,3
1137,学会,3
1138,小演员,3
1139,最为,3
1140,感染力,3
1141,阶段,3
1142,第三,3
1143,选角,3
1144,爷爷,3
1145,华丽,3
1146,超级,3
1147,教室,3
1148,送,3
1149,工作人员,3
1150,建议,3
1151,星系,3
1152,控制,3
1153,想法,3
1154,洗脑,3
1155,好头,3
1156,立意,3
1157,丑,3
1158,值得一看,3
1159,旋律,3
1160,挖掘,3
1161,🙂,3
1162,没错,3
1163,插科打诨,3
1164,扯,3
1165,惊艳,3
1166,為,3
1167,一张,3
1168,朗诵,3
1169,丧失,3
1170,狭隘,3
1171,可谓,3
1172,地表,3
1173,组织,3
1174,更大,3
1175,节制,3
1176,上天,3
1177,零,3
1178,紧凑,3
1179,信念,3
1180,换新天,3
1181,眼泪,3
1182,成片,3
1183,回归,3
1184,说服,3
1185,鼓掌,3
1186,價值觀,3
1187,领导,3
1188,催泪,3
1189,沦为,3
1190,本土化,3
1191,掩盖,3
1192,字幕,3
1193,谈不上,3
1194,包袱,3
1195,7.8,3
1196,出口,3
1197,漏洞,3
1198,五颗星,3
1199,天呐,3
1200,痕迹,3
1201,为色,3
1202,脸,3
1203,无限,3
1204,一家,3
1205,行车,3
1206,涉及,3
1207,货,3
1208,试问,3
1209,合作,3
1210,过硬,3
1211,学习,3
1212,拥有,3
1213,经历,3
1214,抄袭,3
1215,五分钟,3
1216,进,3
1217,共情,3
1218,特写,3
1219,影评人,3
1220,语,3
1221,想不到,3
1222,味道,3
1223,坚定,3
1224,性,3
1225,走出,3
1226,差别,3
1227,人心,3
1228,肩膀,3
1229,标配,3
1230,热度,3
1231,剪,3
1232,刚,3
1233,频道,3
1234,依旧,3
1235,符号,3
1236,小品,3
1237,可言,3
1238,借用,3
1239,最佳,3
1240,Mike,3
1241,主演,3
1242,神话,3
1243,投资人,3
1244,独白,3
1245,可能性,3
1246,爽,3
1247,二刷,3
1248,人间,3
1249,也许,3
1250,意味着,3
1251,好奇,3
1252,不输,3
1253,流,3
1254,听到,3
1255,父子关系,3
1256,粗暴,3
1257,亲友,3
1258,荒凉,3
1259,文字,3
1260,悲悯,3
1261,大作,3
1262,小破球,3
1263,纯,3
1264,自由,3
1265,机械,3
1266,配得,3
1267,探讨,3
1268,哈哈哈,3
1269,冲击,3
1270,初中,3
1271,不像,3
1272,美,3
1273,标签,3
1274,物理学家,3
1275,里程碑式,3
1276,母题,3
1277,境界,3
1278,输出,3
1279,摄影,3
1280,包裹,3
1281,认可,3
1282,敬畏,3
1283,他妈的,3
1284,作者,3
1285,几十年,3
1286,灵魂,3
1287,不适,3
1288,颇,3
1289,平庸,3
1290,原谅,3
1291,勇气,3
1292,走向,3
1293,燃点,3
1294,折射,3
1295,青春片,3
1296,忍,3
1297,一分钟,3
1298,米,3
1299,累,3
1300,奢望,3
1301,派,3
1302,独有,3
1303,情绪化,3
1304,值,3
1305,危难,3
1306,杀手,3
1307,笑话,3
1308,意料之中,3
1309,最亮,3
1310,产业,3
1311,估计,3
1312,再见,3
1313,违,3
1314,画,3
1315,呆,3
1316,命题,3
1317,一度,3
1318,头盔,3
1319,加持,3
1320,野心,3
1321,烧,3
1322,自以为是,3
1323,词,3
1324,仅,3
1325,膨胀,3
1326,教育,3
1327,.....,3
1328,随便,3
1329,神奇,3
1330,工业化,3
1331,場景,3
1332,车,3
1333,近十年,3
1334,丝毫,3
1335,卧槽,3
1336,开,3
1337,充斥,3
1338,感谢,3
1339,圆满,3
1340,恨,3
1341,留下,3
1342,留给,3
1343,星穿,3
1344,春天,3
1345,接近,3
1346,坑,3
1347,模拟,3
1348,怎么回事,3
1349,幻想,3
1350,满,3
1351,不清,3
1352,传统,3
1353,沒有,3
1354,強行,3
1355,之处,3
1356,饱满,3
1357,附加,3
1358,是从,3
1359,借鉴,3
1360,高压,3
1361,现场,3
1362,保留,3
1363,有限,3
1364,友情,3
1365,制造,3
1366,正面,3
1367,短板,3
1368,火焰,3
1369,不堪,3
1370,吼,3
1371,提前,3
1372,救灾,3
1373,处,3
1374,太烂,3
1375,生怕,3
1376,银翼,3
1377,统统,3
1378,老套,3
1379,可爱,3
1380,空,3
1381,这份,3
1382,老东西,3
1383,外部,3
1384,真诚,3
1385,群体,3
1386,不爽,3
1387,覆盖,3
1388,加加林,3
1389,假,3
1390,没用,3
1391,工整,3
1392,国,3
1393,离谱,3
1394,白痴,3
1395,呕吐,3
1396,预告片,3
1397,精髓,3
1398,多一星,3
1399,救赎,3
1400,中学生,3
1401,冷酷,3
1402,期望,3
1403,套,3
1404,一大,3
1405,幽默,3
1406,干扰,3
1407,误解,3
1408,打脸,3
1409,沒,3
1410,蛮,3
1411,影评,3
1412,洪水,3
1413,人民,3
1414,卡车,3
1415,一万年,3
1416,35,3
1417,炸,3
1418,赋予,3
1419,打算,3
1420,熊,3
1421,影,3
1422,改成,3
1423,变得,3
1424,CG,3
1425,段落,3
1426,集权,2
1427,锦华,2
1428,提问,2
1429,求求,2
1430,大灾难,2
1431,药神,2
1432,婆婆妈妈,2
1433,别提,2
1434,死人,2
1435,跪,2
1436,每一处,2
1437,泄气,2
1438,有个,2
1439,鲜明,2
1440,上层建筑,2
1441,董存瑞,2
1442,围绕,2
1443,粉红,2
1444,挣扎,2
1445,达标,2
1446,有模有样,2
1447,完事,2
1448,融合,2
1449,半集,2
1450,寒蝉凄切,2
1451,没多,2
1452,挑剔,2
1453,重,2
1454,美的,2
1455,悲观,2
1456,糊弄,2
1457,很快,2
1458,小爱,2
1459,200,2
1460,指向,2
1461,月亮,2
1462,隋,2
1463,自私,2
1464,一幕,2
1465,就值,2
1466,能入,2
1467,啰嗦,2
1468,小朋友,2
1469,空有,2
1470,指,2
1471,撕,2
1472,以资鼓励,2
1473,挽救,2
1474,这条,2
1475,高起点,2
1476,元气,2
1477,构架,2
1478,P,2
1479,星战,2
1480,酒,2
1481,设置,2
1482,奖,2
1483,两次,2
1484,差点,2
1485,口气,2
1486,空洞,2
1487,飞往,2
1488,人情味,2
1489,逃难,2
1490,政府,2
1491,地上,2
1492,观看,2
1493,一点点,2
1494,杯水车薪,2
1495,片尾曲,2
1496,流程,2
1497,爱情,2
1498,打着,2
1499,顺便,2
1500,精力,2
1501,影迷,2
1502,大佬,2
1503,当年,2
1504,乏味,2
1505,浪费时间,2
1506,不言而喻,2
1507,无所谓,2
1508,转向,2
1509,時間,2
1510,荧幕,2
1511,人物性格,2
1512,习以为常,2
1513,路上,2
1514,一如既往,2
1515,新鲜,2
1516,驱动,2
1517,撼动,2
1518,抱,2
1519,毫无疑问,2
1520,读者,2
1521,带给,2
1522,之内,2
1523,哥,2
1524,硬要,2
1525,啥事,2
1526,多点,2
1527,小学生,2
1528,踩,2
1529,一篇,2
1530,流畅,2
1531,符合国情,2
1532,通往,2
1533,气势,2
1534,贺岁,2
1535,平行,2
1536,超乎,2
1537,五千年,2
1538,HAL9000,2
1539,扣分,2
1540,20,2
1541,正常人,2
1542,轻描淡写,2
1543,打烂,2
1544,理念,2
1545,视频,2
1546,过往,2
1547,心理素质,2
1548,琐碎,2
1549,後,2
1550,核心思想,2
1551,依托,2
1552,屈,2
1553,出彩,2
1554,夜空,2
1555,摄像机,2
1556,掌控,2
1557,成立,2
1558,前卫,2
1559,老泪纵横,2
1560,却是,2
1561,今麦,2
1562,不看,2
1563,普通话,2
1564,特纳雄,2
1565,跳,2
1566,重工业,2
1567,解散,2
1568,超大,2
1569,魔幻,2
1570,旅行,2
1571,苍穹,2
1572,傲慢,2
1573,恐惧,2
1574,奇迹,2
1575,赞同,2
1576,票,2
1577,继承,2
1578,情境,2
1579,太难,2
1580,举起,2
1581,称得上,2
1582,low,2
1583,去年,2
1584,兄妹,2
1585,长辈,2
1586,历史剧,2
1587,半路,2
1588,长期,2
1589,热评,2
1590,微观,2
1591,私心,2
1592,切换,2
1593,艺术片,2
1594,一看,2
1595,素质,2
1596,电影节,2
1597,费钱,2
1598,回去,2
1599,信服,2
1600,刹车,2
1601,老外,2
1602,踏上,2
1603,打磨,2
1604,反,2
1605,热闹,2
1606,白眼,2
1607,目测,2
1608,张力,2
1609,对白,2
1610,秋风,2
1611,亚裔,2
1612,度过,2
1613,习惯,2
1614,白蛇,2
1615,播音,2
1616,减一星,2
1617,京京,2
1618,救援车,2
1619,加半星,2
1620,侧面,2
1621,忘,2
1622,破坏,2
1623,足见,2
1624,宝库,2
1625,届,2
1626,抛,2
1627,植入,2
1628,外星人,2
1629,妥协,2
1630,号称,2
1631,冲动,2
1632,节奏感,2
1633,瞠目结舌,2
1634,幾乎,2
1635,虚无,2
1636,一晚,2
1637,背后,2
1638,网络,2
1639,贺岁片,2
1640,略显,2
1641,舔,2
1642,熟,2
1643,瞎,2
1644,课堂,2
1645,双标,2
1646,三颗,2
1647,变化,2
1648,瞄,2
1649,触及,2
1650,之躯,2
1651,一脉相承,2
1652,一层,2
1653,初,2
1654,AI,2
1655,学生,2
1656,不足之处,2
1657,布景,2
1658,主打,2
1659,真善美,2
1660,早已,2
1661,40,2
1662,多处,2
1663,眷恋,2
1664,色彩斑斓,2
1665,这比,2
1666,几年,2
1667,任重道远,2
1668,废土,2
1669,感覺,2
1670,弱项,2
1671,命题作文,2
1672,坍塌,2
1673,物理,2
1674,唔,2
1675,拍个,2
1676,拍得,2
1677,千年,2
1678,仅仅只是,2
1679,多一点,2
1680,十年,2
1681,硬生生,2
1682,点子,2
1683,只不过,2
1684,特么,2
1685,️,2
1686,一份,2
1687,一切都是,2
1688,成本,2
1689,晚,2
1690,差强人意,2
1691,神秘,2
1692,宣传片,2
1693,填补,2
1694,出乎意料,2
1695,愈发,2
1696,大众,2
1697,芸芸众生,2
1698,会员,2
1699,交待,2
1700,剪輯,2
1701,中学,2
1702,三流,2
1703,幸福,2
1704,电影版,2
1705,反复,2
1706,新纪元,2
1707,感兴趣,2
1708,停止,2
1709,爆棚,2
1710,轨迹,2
1711,瞅,2
1712,称为,2
1713,公司,2
1714,质疑,2
1715,妈妈,2
1716,保证,2
1717,流露出,2
1718,败笔,2
1719,完后,2
1720,一丝,2
1721,骑士,2
1722,跨越,2
1723,看待,2
1724,壮举,2
1725,大象,2
1726,逃逸,2
1727,无用,2
1728,遭遇,2
1729,假大空,2
1730,加深,2
1731,岁月,2
1732,尼采,2
1733,危险,2
1734,增汤,2
1735,庞大,2
1736,持,2
1737,8.5,2
1738,落后,2
1739,真谛,2
1740,高大,2
1741,高呼,2
1742,歌颂,2
1743,存亡,2
1744,稳重,2
1745,那群,2
1746,显示,2
1747,及格线,2
1748,眼光,2
1749,回头,2
1750,煽得,2
1751,一共,2
1752,乡愁,2
1753,存续,2
1754,崩塌,2
1755,共识,2
1756,柏林,2
1757,鬼,2
1758,以此,2
1759,具象化,2
1760,拍成电影,2
1761,看不清楚,2
1762,面目,2
1763,提升,2
1764,无名英雄,2
1765,一塌糊涂,2
1766,主动,2
1767,超前,2
1768,不谈,2
1769,做过,2
1770,指出,2
1771,仔细,2
1772,灭绝,2
1773,大国,2
1774,掉线,2
1775,忐忑,2
1776,十二分,2
1777,规律,2
1778,回想,2
1779,人马座,2
1780,当作,2
1781,那句,2
1782,显,2
1783,摒除,2
1784,泪目,2
1785,长亭,2
1786,观点,2
1787,全方位,2
1788,令,2
1789,金哥,2
1790,重重的,2
1791,冰天雪地,2
1792,逃亡,2
1793,种族,2
1794,智商,2
1795,好坏,2
1796,湮灭,2
1797,宿命,2
1798,多重,2
1799,怪怪的,2
1800,巨物,2
1801,漂亮,2
1802,网大,2
1803,对标,2
1804,向太空,2
1805,担当,2
1806,七,2
1807,人物形象,2
1808,承认,2
1809,弱,2
1810,還有,2
1811,项目,2
1812,盲目,2
1813,四平八稳,2
1814,美术设计,2
1815,综合,2
1816,高贵,2
1817,百分,2
1818,新起点,2
1819,酝酿,2
1820,激情,2
1821,多媒体,2
1822,矫情,2
1823,衬托,2
1824,圣经,2
1825,徒劳,2
1826,靠着,2
1827,男女,2
1828,前所未有,2
1829,降智,2
1830,125,2
1831,聒噪,2
1832,沉稳,2
1833,鲜血,2
1834,载入,2
1835,躺,2
1836,匮乏,2
1837,无不,2
1838,商榷,2
1839,喷子,2
1840,有钱,2
1841,段子,2
1842,月球,2
1843,欠缺,2
1844,低分,2
1845,闹,2
1846,朋友,2
1847,称赞,2
1848,堪比,2
1849,爆哭,2
1850,终究,2
1851,骗钱,2
1852,休眠,2
1853,一口,2
1854,带领,2
1855,压根,2
1856,相当于,2
1857,科幻小说,2
1858,妥妥,2
1859,几句,2
1860,犧牲,2
1861,紧张感,2
1862,主义,2
1863,自豪感,2
1864,预言,2
1865,OK,2
1866,说教,2
1867,电影史,2
1868,爷们,2
1869,从没,2
1870,羡慕,2
1871,比邻星,2
1872,马修,2
1873,费力,2
1874,肤浅,2
1875,入,2
1876,一无是处,2
1877,這樣,2
1878,没人,2
1879,演绎,2
1880,睡觉,2
1881,还行,2
1882,初歇,2
1883,取胜,2
1884,概率,2
1885,热爱,2
1886,手中,2
1887,差评,2
1888,交会,2
1889,跟上,2
1890,此刻,2
1891,捧杀,2
1892,21,2
1893,日语,2
1894,占据,2
1895,可别,2
1896,大局观,2
1897,特,2
1898,小情,2
1899,双重,2
1900,分镜,2
1901,这类,2
1902,集合,2
1903,鼓点,2
1904,保护,2
1905,对片,2
1906,好几十,2
1907,安排,2
1908,可信,2
1909,差得远,2
1910,外,2
1911,○,2
1912,竭力,2
1913,腻,2
1914,折磨,2
1915,扭曲,2
1916,韩子昂,2
1917,惊讶,2
1918,惯例,2
1919,良心,2
1920,崛起,2
1921,海啸,2
1922,黑市,2
1923,彻彻底底,2
1924,五年,2
1925,路线,2
1926,无脑,2
1927,灵光,2
1928,强制,2
1929,过猛,2
1930,档期,2
1931,直白,2
1932,苏联,2
1933,扔,2
1934,星星,2
1935,程序员,2
1936,个性,2
1937,距离,2
1938,过瘾,2
1939,看清,2
1940,劇情,2
1941,只用,2
1942,忍住,2
1943,记忆,2
1944,BUG,2
1945,自恋,2
1946,党,2
1947,吸引力,2
1948,大跃进,2
1949,改,2
1950,繁殖,2
1951,好的开始,2
1952,满心,2
1953,性格,2
1954,地步,2
1955,聚焦,2
1956,纷纷,2
1957,低劣,2
1958,一代人,2
1959,没立,2
1960,失重,2
1961,放映,2
1962,诗词,2
1963,不带,2
1964,精英,2
1965,小男孩,2
1966,堆砌,2
1967,解决方案,2
1968,名单,2
1969,浸入,2
1970,要死,2
1971,银河,2
1972,满意,2
1973,冰,2
1974,可贵,2
1975,门槛,2
1976,三代,2
1977,突发事件,2
1978,显露,2
1979,小孩子,2
1980,冲向,2
1981,上演,2
1982,自转,2
1983,夸父追日,2
1984,环节,2
1985,判断,2
1986,八,2
1987,爸炸,2
1988,经典电影,2
1989,用力,2
1990,推力,2
1991,观,2
1992,合适,2
1993,懵,2
1994,看法,2
1995,未必,2
1996,技術,2
1997,渴望,2
1998,不该,2
1999,视野,2
2000,大小,2
2001,极致,2
2002,抉择,2
2003,正式,2
2004,7.5,2
2005,高分,2
2006,风险,2
2007,狗,2
2008,非常明显,2
2009,通篇,2
2010,前仆后继,2
2011,档里,2
2012,人会,2
2013,顺应,2
2014,荒诞,2
2015,全新,2
2016,饰演,2
2017,常见,2
2018,组,2
2019,功能化,2
2020,moss,2
2021,消费,2
2022,持续时间,2
2023,强心剂,2
2024,事件,2
2025,散,2
2026,一根,2
2027,全剧,2
2028,盛行,2
2029,全民,2
2030,干涩,2
2031,台詞,2
2032,偏低,2
2033,总算,2
2034,不战,2
2035,5000,2
2036,癖,2
2037,属,2
2038,父爱,2
2039,设备,2
2040,这回,2
2041,地标,2
2042,土地,2
2043,伏特加,2
2044,本该,2
2045,BGM,2
2046,巅峰,2
2047,两段,2
2048,不论是,2
2049,Interstellar,2
2050,长路,2
2051,荒谬,2
2052,深沉,2
2053,泪流满面,2
2054,老旧,2
2055,怀疑,2
2056,同行,2
2057,两下,2
2058,蒸汽,2
2059,迎来,2
2060,贡献,2
2061,终点,2
2062,抄,2
2063,肃然起敬,2
2064,大型,2
2065,不靠,2
2066,工作室,2
2067,愤怒,2
2068,远方,2
2069,使命,2
2070,平和,2
2071,书,2
2072,厌恶,2
2073,模板,2
2074,这件,2
2075,之初,2
2076,闪现,2
2077,推算,2
2078,合情合理,2
2079,身为,2
2080,违和,2
2081,常识,2
2082,玄幻,2
2083,信息,2
2084,平复,2
2085,气质,2
2086,叛变,2
2087,动物,2
2088,才华,2
2089,尿点,2
2090,幸好,2
2091,鲜肉,2
2092,备份,2
2093,盈利,2
2094,家长,2
2095,逊色,2
2096,迈出,2
2097,简陋,2
2098,改了,2
2099,各種,2
2100,平均,2
2101,来到,2
2102,句,2
2103,高度文明,2
2104,天才,2
2105,壳,2
2106,包装,2
2107,地木,2
2108,无视,2
2109,几场,2
2110,忽视,2
2111,超赞,2
2112,上行,2
2113,说点,2
2114,备用,2
2115,圆是,2
2116,难以置信,2
2117,直观,2
2118,宛如,2
2119,意志,2
2120,鸡,2
2121,绕,2
2122,得当,2
2123,高仿,2
2124,前半部,2
2125,emmm,2
2126,极高,2
2127,飘荡,2
2128,98,2
2129,开了个,2
2130,遗言,2
2131,目中无人,2
2132,改造,2
2133,团结一心,2
2134,团聚,2
2135,氢气,2
2136,少有,2
2137,作家,2
2138,干脆,2
2139,韩日,2
2140,人命,2
2141,😭,2
2142,多余,2
2143,注入,2
2144,祖国,2
2145,意识,2
2146,机器,2
2147,陪衬,2
2148,值得称赞,2
2149,女主,2
2150,联合,2
2151,滚,2
2152,过多,2
2153,挥之不去,2
2154,见到,2
2155,與,2
2156,库,2
2157,全盘,2
2158,pia,2
2159,勇敢,2
2160,好帅,2
2161,撑,2
2162,追求,2
2163,校服,2
2164,一言不合,2
2165,状态,2
2166,违和感,2
2167,灵性,2
2168,小高潮,2
2169,调料,2
2170,光环,2
2171,女,2
2172,克制,2
2173,荡气回肠,2
2174,不吃,2
2175,摆脱,2
2176,作,2
2177,真挚,2
2178,低级,2
2179,姆,2
2180,神,2
2181,m,2
2182,侠,2
2183,保护主义,2
2184,创造,2
2185,不可避免,2
2186,刘培强,2
2187,披,2
2188,心疼,2
2189,应,2
2190,工程师,2
2191,世界性,2
2192,天文,2
2193,时常,2
2194,玩笑,2
2195,吳京,2
2196,关注,2
2197,通顺,2
2198,诞生,2
2199,竖起,2
2200,原汁原味,2
2201,做作,2
2202,屏幕,2
2203,三,2
2204,缩减,2
2205,永夜,2
2206,燃料,2
2207,动画片,2
2208,贼,2
2209,2000,2
2210,北京市,2
2211,岩浆,2
2212,上乘,2
2213,文艺片,2
2214,赌博,2
2215,快节奏,2
2216,几次,2
2217,舞,2
2218,黑洞,2
2219,手里,2
2220,真想,2
2221,小聪明,2
2222,困难,2
2223,床上,2
2224,种种,2
2225,成功率,2
2226,陷入,2
2227,总想,2
2228,原罪,2
2229,戰狼,2
2230,见仁见智,2
2231,连载,2
2232,太弱,2
2233,茫茫,2
2234,图书馆,2
2235,老百姓,2
2236,原本,2
2237,舶来品,2
2238,一名,2
2239,老生常谈,2
2240,当成,2
2241,征用,2
2242,佩服,2
2243,点名,2
2244,饭钱,2
2245,郭京飞,2
2246,明天,2
2247,技能,2
2248,传递,2
2249,国旗,2
2250,冲击波,2
2251,汶川,2
2252,终将,2
2253,那才,2
2254,赵,2
2255,那套,2
2256,枪,2
2257,绝,2
2258,放映厅,2
2259,收,2
2260,数,2
2261,燃爆,2
2262,幽默感,2
2263,辩护,2
2264,顶尖,2
2265,没话说,2
2266,只争朝夕,2
2267,真香,2
2268,互动,2
2269,参考,2
2270,高峰,2
2271,毛子,2
2272,哲思,2
2273,少女,2
2274,温暖,2
2275,我娘,2
2276,争辩,2
2277,无知,2
2278,谷腾堡,2
2279,遗传,2
2280,冰雪,2
2281,n,2
2282,气,2
2283,👍,2
2284,和解,2
2285,悲剧感,2
2286,界,2
2287,省略,2
2288,动画,2
2289,水,2
2290,两遍,2
2291,大城市,2
2292,惨不忍睹,2
2293,大门,2
2294,扑,2
2295,研究,2
2296,半天,2
2297,萧瑟,2
2298,发挥,2
2299,主人公,2
2300,解构,2
2301,对此,2
2302,死亡,2
2303,制片人,2
2304,恶心,2
2305,解读,2
2306,留,2
2307,三幕,2
2308,撑起,2
2309,戲,2
2310,什麼,2
2311,推进器,2
2312,奇葩,2
2313,救世,2
2314,92,2
2315,赶上,2
2316,房子,2
2317,沁润下,2
2318,Hal,2
2319,游戏,2
2320,垃圾,2
2321,全场,2
2322,线索,2
2323,声音,2
2324,全网,2
2325,伪,2
2326,此类,2
2327,难民,2
2328,搭建,2
2329,以色列,2
2330,半截,2
2331,从来不,2
2332,片头,2
2333,避难所,2
2334,生死,2
2335,资源,2
2336,崇高,2
2337,太重,2
2338,闷,2
2339,滤镜,2
2340,隐喻,2
2341,打开,2
2342,建构,2
2343,真是太,2
2344,出手,2
2345,做成,2
2346,子子孙孙,2
2347,出发,2
2348,月,2
2349,点映,2
2350,1968,2
2351,灭亡,2
2352,001,2
2353,赵今,2
2354,讲得,2
2355,天上,2
2356,呼唤,2
2357,吹捧,2
2358,疼,2
2359,点儿,2
2360,课文,2
2361,内地,2
2362,壮志,2
2363,技,2
2364,动容,2
2365,续集,2
2366,太久,2
2367,梦,2
2368,骤雨,2
2369,激发,2
2370,片儿,2
2371,哲学,2
2372,哥们,2
2373,狗血,2
2374,略,2
2375,认同感,2
2376,奉献,2
2377,混,2
2378,都市,2
2379,沙雕,2
2380,总有一天,2
2381,交给,2
2382,打个,2
2383,比肩,2
2384,遗产,2
2385,打一星,2
2386,前行,2
2387,敢,2
2388,幻,2
2389,CGI,2
2390,一条,2
2391,表意,2
2392,创新,2
2393,读,2
2394,分手,2
2395,在乎,2
2396,架空,2
2397,呈现出,2
2398,完毕,2
2399,奢求,2
2400,开年,2
2401,离场,2
2402,腔,2
2403,universe,2
2404,两种,2
2405,近,2
2406,皆,2
2407,两处,2
2408,悲怆,2
2409,矮化,2
2410,废话,2
2411,光,2
2412,讽刺,2
2413,拔高,2
2414,系统,2
2415,想吐槽,2
2416,生,2
2417,型,2
2418,怀念,2
2419,踹,2
2420,恐怖,2
2421,裤衩,2
2422,稍微,2
2423,一碗,2
2424,战场,2
2425,众多,2
2426,人才,2
2427,想过,2
2428,趴,2
2429,浑身,2
2430,蚂蚁,2
2431,星给,2
2432,后来者,2
2433,一员,2
2434,故事情节,2
2435,匹配,2
2436,立,2
2437,装,2
2438,城市,2
2439,深情,2
2440,浅薄,2
2441,蹭,2
2442,吹嘘,2
2443,共鸣,2
2444,队,2
2445,挤出,2
2446,媒体,2
2447,自豪,2
2448,刚刚,2
2449,复联四,2
2450,穿插,2
2451,七情六欲,2
2452,横向,2
2453,出舱,2
2454,属性,2
2455,硬塞,2
2456,菁菁,2
2457,珍贵,2
2458,年轻人,2
2459,混亂,2
2460,缺位,2
2461,万年,2
2462,现象,2
2463,中正,2
2464,艺术,2
2465,不说,2
2466,发,1
2467,热泪盈眶,1
2468,IMAX3D,1
2469,如此一来,1
2470,饱含,1
2471,挺重,1
2472,再申,1
2473,地说,1
2474,万达,1
2475,奇伟,1
2476,辽,1
2477,特打,1
2478,牵动人心,1
2479,大写,1
2480,写得,1
2481,巨大进步,1
2482,咳咳,1
2483,生拉硬,1
2484,扁平化,1
2485,断裂,1
2486,Ai,1
2487,停过,1
2488,扣人心弦,1
2489,中带,1
2490,活过来,1
2491,infinite,1
2492,没球用,1
2493,大火,1
2494,增加,1
2495,🐂,1
2496,领域,1
2497,neng,1
2498,几组,1
2499,2020.12,1
2500,实效,1
2501,吔,1
2502,截取,1
2503,电子,1
2504,执着,1
2505,几近,1
2506,一对,1
2507,国际化,1
2508,再接再厉,1
2509,最尬,1
2510,偏颇,1
2511,扬,1
2512,专权,1
2513,赚钱,1
2514,较真儿,1
2515,喊话,1
2516,卡通片,1
2517,女朋友,1
2518,进展,1
2519,太特,1
2520,备战,1
2521,美妙,1
2522,唯独,1
2523,知名,1
2524,一到,1
2525,事实,1
2526,小家庭,1
2527,借助,1
2528,树起,1
2529,女队员,1
2530,广播剧,1
2531,毛骨悚然,1
2532,上感,1
2533,视作,1
2534,正好,1
2535,数据,1
2536,牛叉,1
2537,文化背景,1
2538,开创性,1
2539,跟风,1
2540,炫目,1
2541,感情用事,1
2542,扑街,1
2543,那一刻,1
2544,体面,1
2545,1988,1
2546,壮观,1
2547,沉重,1
2548,馒头,1
2549,体无完肤,1
2550,耽误,1
2551,污点,1
2552,咧嘴,1
2553,海水,1
2554,個,1
2555,显摆,1
2556,末日来临,1
2557,逃不过,1
2558,见,1
2559,北美,1
2560,强硬,1
2561,浩大,1
2562,完结,1
2563,对得起,1
2564,不入,1
2565,口,1
2566,漫道,1
2567,提句,1
2568,前端,1
2569,捆绑,1
2570,烧鹅,1
2571,标榜,1
2572,幻字,1
2573,恐慌,1
2574,难点,1
2575,钱包,1
2576,时尚性,1
2577,居住地,1
2578,人情,1
2579,時中國,1
2580,金钱,1
2581,不减,1
2582,开好,1
2583,矮人一等,1
2584,浮于,1
2585,全知型,1
2586,60%,1
2587,纵观,1
2588,捍卫,1
2589,俄,1
2590,佩奇,1
2591,简介,1
2592,爆竹,1
2593,室内,1
2594,下要,1
2595,六分,1
2596,擅自,1
2597,抹,1
2598,坦叔,1
2599,元,1
2600,仅止,1
2601,长尾,1
2602,点题,1
2603,三秒,1
2604,作得,1
2605,长久,1
2606,静静地,1
2607,阻碍,1
2608,写个,1
2609,某国,1
2610,挽回,1
2611,半小时,1
2612,导航,1
2613,他俩,1
2614,平面化,1
2615,扎眼,1
2616,蛮多,1
2617,推来推去,1
2618,回味,1
2619,不提,1
2620,半个,1
2621,美国政府,1
2622,孤寂,1
2623,通通,1
2624,那篇,1
2625,乔治街,1
2626,近代,1
2627,规模,1
2628,主旨,1
2629,容忍,1
2630,专业培训,1
2631,市区,1
2632,正事,1
2633,最该,1
2634,情節點,1
2635,共通,1
2636,至此,1
2637,苟同,1
2638,生存环境,1
2639,鼓动,1
2640,年龙标,1
2641,仍会,1
2642,humanitarianly,1
2643,步子,1
2644,幸得,1
2645,冤枉,1
2646,教养,1
2647,少一,1
2648,泥巴,1
2649,成问题,1
2650,两章,1
2651,囊中之物,1
2652,符号化,1
2653,强国,1
2654,稍稍,1
2655,实属,1
2656,头发,1
2657,翻页,1
2658,很雷,1
2659,不錯,1
2660,多长,1
2661,廣播,1
2662,多高,1
2663,三是,1
2664,啜泣声,1
2665,交规,1
2666,独到,1
2667,中二病,1
2668,赢得,1
2669,吹和尬,1
2670,天斗,1
2671,无需,1
2672,3d,1
2673,满当当,1
2674,连贯,1
2675,机构,1
2676,传导,1
2677,基礎,1
2678,3A,1
2679,全局,1
2680,具像化,1
2681,脱离,1
2682,个人感觉,1
2683,珍视,1
2684,来补,1
2685,切记,1
2686,喊出,1
2687,五十六,1
2688,安坐,1
2689,剥离,1
2690,最具,1
2691,名誉,1
2692,煽動,1
2693,回合,1
2694,比战,1
2695,舱,1
2696,悉尼,1
2697,敘事超,1
2698,劈头盖脸,1
2699,头,1
2700,招,1
2701,½,1
2702,添加,1
2703,天使,1
2704,自动,1
2705,鼻毛,1
2706,大开,1
2707,溺爱,1
2708,超一流,1
2709,各个方面,1
2710,用钱,1
2711,枯燥,1
2712,高燃,1
2713,翻,1
2714,太阳宫,1
2715,我特,1
2716,过近,1
2717,贲张,1
2718,烟花,1
2719,击节,1
2720,引来,1
2721,天马行空,1
2722,素養,1
2723,wcnm,1
2724,不易,1
2725,杠精,1
2726,有心,1
2727,🙄,1
2728,端正,1
2729,美滋滋,1
2730,不过尔尔,1
2731,修正,1
2732,轻轻,1
2733,̀,1
2734,誇,1
2735,犯傻,1
2736,徘徊,1
2737,心潮澎湃,1
2738,點太多,1
2739,木心,1
2740,大把大把,1
2741,有加,1
2742,濑粉,1
2743,报刊亭,1
2744,打响,1
2745,电影剧本,1
2746,计入,1
2747,胜利,1
2748,陈腐,1
2749,一段路,1
2750,降价,1
2751,舞厅,1
2752,一幅,1
2753,不多,1
2754,铁人,1
2755,声画,1
2756,耀莱,1
2757,做梦,1
2758,遇上,1
2759,辛苦,1
2760,擁擠,1
2761,爱球,1
2762,硬来,1
2763,狂轰滥炸,1
2764,不哭,1
2765,备案,1
2766,遗弃,1
2767,围城,1
2768,影棚,1
2769,复制,1
2770,爽文,1
2771,落脚点,1
2772,多个,1
2773,出大,1
2774,卻,1
2775,madmax,1
2776,大菜,1
2777,褒义,1
2778,清静,1
2779,功力,1
2780,燃是,1
2781,胜过,1
2782,牛批,1
2783,客串,1
2784,控力,1
2785,没劲,1
2786,剪掉,1
2787,CBD,1
2788,拆解,1
2789,中文,1
2790,luck,1
2791,真人,1
2792,很多年,1
2793,气象,1
2794,综上,1
2795,大过年,1
2796,兵人,1
2797,消亡,1
2798,惊醒,1
2799,然鹅,1
2800,技法,1
2801,羞辱,1
2802,顿爷,1
2803,着眼于,1
2804,鬼畜,1
2805,隋好,1
2806,烟火,1
2807,公式化,1
2808,名副其实,1
2809,新气象,1
2810,谱写,1
2811,英文,1
2812,太快,1
2813,wtf,1
2814,许可,1
2815,Generation,1
2816,青春活力,1
2817,条形码,1
2818,说得上,1
2819,表,1
2820,中国男足,1
2821,学家,1
2822,可圈可点,1
2823,谋杀,1
2824,寻找,1
2825,收声,1
2826,快摇,1
2827,蓝光,1
2828,贫困,1
2829,片里,1
2830,歪,1
2831,云淡风轻,1
2832,大叫,1
2833,中好,1
2834,撸,1
2835,诚恳,1
2836,好意思,1
2837,很正,1
2838,熠熠,1
2839,走入,1
2840,不太想,1
2841,活火山,1
2842,成水,1
2843,無,1
2844,主没,1
2845,代价,1
2846,致命,1
2847,长相,1
2848,分来,1
2849,内力,1
2850,取决于,1
2851,市场需求,1
2852,小家子气,1
2853,真不错,1
2854,嘉兴,1
2855,中俄日,1
2856,法律,1
2857,七天,1
2858,站不住脚,1
2859,之福,1
2860,地一覽,1
2861,地自,1
2862,小兵,1
2863,表征,1
2864,目的性,1
2865,告别,1
2866,倒计时,1
2867,发射,1
2868,如懿,1
2869,冻,1
2870,求生欲,1
2871,资金,1
2872,风评,1
2873,大旗,1
2874,踏实,1
2875,一大截,1
2876,饺子,1
2877,前期,1
2878,时代特色,1
2879,拒绝,1
2880,品质恶劣,1
2881,硬傷,1
2882,人生,1
2883,使人,1
2884,关,1
2885,确凿,1
2886,稳定,1
2887,符不,1
2888,仙幻,1
2889,神剧,1
2890,高涨,1
2891,攻讦,1
2892,放大,1
2893,过后,1
2894,舒张,1
2895,焦躁,1
2896,药都,1
2897,声响,1
2898,不抱,1
2899,落差,1
2900,入门,1
2901,更不谈,1
2902,啪啪,1
2903,现有,1
2904,狠狠,1
2905,目标,1
2906,闪,1
2907,饭,1
2908,洪荒,1
2909,回事,1
2910,听力,1
2911,最低,1
2912,道,1
2913,两重天,1
2914,drops,1
2915,已有,1
2916,加增,1
2917,混在,1
2918,Sci,1
2919,还过得去,1
2920,沙,1
2921,郑重,1
2922,兩個,1
2923,直男癌,1
2924,绕过,1
2925,高层,1
2926,一同,1
2927,小群,1
2928,说里,1
2929,心态,1
2930,阅片量,1
2931,外皮,1
2932,环球,1
2933,章回体,1
2934,含,1
2935,既定,1
2936,女中学生,1
2937,构思,1
2938,飞蛾,1
2939,企盼,1
2940,勋章,1
2941,介入,1
2942,不通,1
2943,优秀学生,1
2944,乱哄哄,1
2945,盘点,1
2946,注定,1
2947,脉络,1
2948,军装,1
2949,尊敬,1
2950,执行力,1
2951,秉承,1
2952,追问,1
2953,46,1
2954,踏踏实实,1
2955,时艰,1
2956,冷硬,1
2957,阿西莫夫,1
2958,可嘉,1
2959,排队,1
2960,可副线,1
2961,審美,1
2962,迷航,1
2963,默,1
2964,知性,1
2965,老王,1
2966,剪法,1
2967,五百,1
2968,答卷,1
2969,盒饭,1
2970,实打实,1
2971,中强,1
2972,眼镜,1
2973,外表,1
2974,杰作,1
2975,當上,1
2976,爆满,1
2977,們,1
2978,近似,1
2979,并提,1
2980,起家,1
2981,配以,1
2982,运,1
2983,全赌,1
2984,七千名,1
2985,胡闹,1
2986,救场,1
2987,出新,1
2988,8.0,1
2989,痞,1
2990,复杂性,1
2991,达,1
2992,嗎,1
2993,狂风暴雪,1
2994,场戏,1
2995,实用,1
2996,意味深长,1
2997,看书,1
2998,两辈,1
2999,舍弃,1
3000,抽泣声,1
3001,掐着,1
3002,一口气,1
3003,上个世纪,1
3004,粉看,1
3005,吵,1
3006,會,1
3007,恶趣味,1
3008,盡,1
3009,无外乎,1
3010,拍过,1
3011,5.0,1
3012,常规,1
3013,め,1
3014,声部,1
3015,交委,1
3016,里程,1
3017,孙女,1
3018,录音师,1
3019,均,1
3020,深挖,1
3021,心意,1
3022,净土,1
3023,有意,1
3024,暴露无遗,1
3025,撑死,1
3026,時刻,1
3027,大亮,1
3028,刘粉,1
3029,🍺,1
3030,雅典卫城,1
3031,畸形,1
3032,程式化,1
3033,乱跑,1
3034,缺席,1
3035,Weta,1
3036,服字,1
3037,sohu,1
3038,好吃,1
3039,没法,1
3040,不知所云,1
3041,烘,1
3042,条件,1
3043,獨把,1
3044,物资,1
3045,大无畏,1
3046,變得,1
3047,纷乱,1
3048,方在,1
3049,20190209,1
3050,赶脚,1
3051,下一代,1
3052,混合,1
3053,双眼,1
3054,受得够,1
3055,大树,1
3056,配不上,1
3057,零点,1
3058,转瞬即逝,1
3059,蜀山,1
3060,高高的,1
3061,适度,1
3062,答案,1
3063,景色,1
3064,真不知道,1
3065,炭,1
3066,号召,1
3067,王宝强,1
3068,天花板,1
3069,半到,1
3070,没个,1
3071,😂,1
3072,die,1
3073,神经,1
3074,令人叹服,1
3075,各有,1
3076,有太多,1
3077,糊味,1
3078,族群,1
3079,轨道,1
3080,推演,1
3081,羸弱,1
3082,风暴,1
3083,配合,1
3084,日以,1
3085,再也,1
3086,国际主义,1
3087,背面,1
3088,尴燃,1
3089,天际,1
3090,真特,1
3091,視覺,1
3092,谦虚,1
3093,说正经,1
3094,舍生取义,1
3095,携,1
3096,之意,1
3097,中文版,1
3098,东方式,1
3099,能列,1
3100,风,1
3101,欣慰,1
3102,孤胆,1
3103,陀,1
3104,幼苗,1
3105,远远,1
3106,这批,1
3107,巨燃,1
3108,其间,1
3109,近期,1
3110,分是,1
3111,cp,1
3112,子民,1
3113,尊重人权,1
3114,視效,1
3115,And,1
3116,特地,1
3117,沙滩,1
3118,孤膽,1
3119,千里迢迢,1
3120,狂欢,1
3121,6.5,1
3122,早晨,1
3123,一只,1
3124,援救,1
3125,到来,1
3126,诺言,1
3127,哪国,1
3128,越近,1
3129,很爽,1
3130,一遍,1
3131,未免,1
3132,做法,1
3133,慢慢来,1
3134,熄灭,1
3135,吴京式,1
3136,打架,1
3137,剧角,1
3138,它望,1
3139,早,1
3140,贩卖,1
3141,强力,1
3142,看一遍,1
3143,迁居,1
3144,谈恋爱,1
3145,俄语,1
3146,它绝,1
3147,柔弱,1
3148,插,1
3149,•,1
3150,话语,1
3151,有味,1
3152,线头,1
3153,一丝一毫,1
3154,低廉,1
3155,这场,1
3156,杜绝,1
3157,铁炉,1
3158,饕餮,1
3159,之中,1
3160,赶客,1
3161,可太,1
3162,偏弱,1
3163,浓烈,1
3164,感太强,1
3165,功不可没,1
3166,大幅度,1
3167,對,1
3168,吃不消,1
3169,拉斯,1
3170,偷懒,1
3171,历史长河,1
3172,生光,1
3173,三十年,1
3174,强势,1
3175,一秒,1
3176,有笔,1
3177,有开,1
3178,Time,1
3179,霍金,1
3180,钻石,1
3181,孔孟,1
3182,朴素,1
3183,影片奖,1
3184,加拿大,1
3185,さ,1
3186,片堆,1
3187,内耗,1
3188,愿望,1
3189,留点,1
3190,无谓,1
3191,该片,1
3192,員,1
3193,流量,1
3194,归属,1
3195,外行,1
3196,留在,1
3197,贴,1
3198,一丁点,1
3199,讲清楚,1
3200,stupidity,1
3201,脑补,1
3202,佛,1
3203,投射,1
3204,转,1
3205,戏感,1
3206,单位,1
3207,冷锋,1
3208,清醒,1
3209,急,1
3210,晨昏,1
3211,运送,1
3212,最美,1
3213,小而精,1
3214,一本,1
3215,伎俩,1
3216,嵌套,1
3217,碰到,1
3218,部队,1
3219,总要,1
3220,轴线,1
3221,猪脚,1
3222,众志成城,1
3223,罗列,1
3224,差钱,1
3225,莫不是,1
3226,劈叉,1
3227,蠢到,1
3228,国际性,1
3229,怒,1
3230,王红卫,1
3231,言情剧,1
3232,领,1
3233,驱动力,1
3234,建设,1
3235,态势,1
3236,干什么,1
3237,烦人,1
3238,跳戏,1
3239,老梗,1
3240,合理性,1
3241,运输车,1
3242,化学,1
3243,厅里,1
3244,刻畫,1
3245,扯淡,1
3246,小弟,1
3247,很想,1
3248,喷气,1
3249,暂且不说,1
3250,议题,1
3251,纽带,1
3252,导师,1
3253,杀掉,1
3254,条目,1
3255,开荒,1
3256,补上,1
3257,坐拥,1
3258,置景,1
3259,能为,1
3260,独特,1
3261,初中化学,1
3262,還是,1
3263,优越,1
3264,高二看,1
3265,带有,1
3266,傻,1
3267,两万,1
3268,短,1
3269,追加,1
3270,派拉蒙,1
3271,背叛,1
3272,焕发,1
3273,三句话,1
3274,新生儿,1
3275,晃眼,1
3276,家球,1
3277,好几十年,1
3278,真相,1
3279,飛越,1
3280,完酒,1
3281,熊娃,1
3282,何用,1
3283,错觉,1
3284,外公,1
3285,实名,1
3286,碟仙,1
3287,情商,1
3288,族裔,1
3289,味同嚼蜡,1
3290,九宗罪,1
3291,微光,1
3292,辽阔,1
3293,嘶吼,1
3294,不敢相信,1
3295,陆上,1
3296,父,1
3297,半决赛,1
3298,而成,1
3299,拉上去,1
3300,大言不惭,1
3301,驶向,1
3302,不啻,1
3303,倒退,1
3304,海草,1
3305,主,1
3306,早该,1
3307,一眼,1
3308,AMC,1
3309,平,1
3310,卵子,1
3311,意義也,1
3312,多少倍,1
3313,科普,1
3314,总动员,1
3315,苍茫大地,1
3316,转移,1
3317,造型,1
3318,著觀眾,1
3319,高楼,1
3320,稀释,1
3321,啧,1
3322,杂乱无章,1
3323,可耻,1
3324,能别,1
3325,电影票,1
3326,噢,1
3327,才能救,1
3328,冠亚军,1
3329,之于,1
3330,立体,1
3331,形,1
3332,大腿,1
3333,启到,1
3334,排斥,1
3335,式样,1
3336,篇文章,1
3337,而此,1
3338,摇晃,1
3339,启字,1
3340,播放,1
3341,过火,1
3342,并行,1
3343,不停,1
3344,楼上,1
3345,炒作,1
3346,总有,1
3347,一刻,1
3348,郭导,1
3349,善良,1
3350,梗概,1
3351,对事,1
3352,提交,1
3353,No,1
3354,朗读,1
3355,忽高忽低,1
3356,恩恩怨怨,1
3357,文类,1
3358,调低,1
3359,发问,1
3360,之光,1
3361,一夜间,1
3362,现代文明,1
3363,扮演着,1
3364,公路,1
3365,神令,1
3366,亿人,1
3367,不出意外,1
3368,逐梦,1
3369,偏,1
3370,人十趾,1
3371,隔阂,1
3372,再留,1
3373,卡梅隆,1
3374,Fi,1
3375,拥抱,1
3376,鸡飞狗跳,1
3377,罕见,1
3378,中所能,1
3379,拓荒者,1
3380,拍下去,1
3381,素材,1
3382,飙戏,1
3383,消,1
3384,任何人,1
3385,传给,1
3386,要命,1
3387,理清,1
3388,自大,1
3389,打趣,1
3390,鼓励性,1
3391,更能,1
3392,唱戏,1
3393,他演,1
3394,从头越,1
3395,压,1
3396,触到,1
3397,40pm,1
3398,加星,1
3399,想当然,1
3400,流露出来,1
3401,抢险,1
3402,干嚎,1
3403,出身,1
3404,毛边,1
3405,咕噜,1
3406,入场券,1
3407,过紧,1
3408,车载,1
3409,顺带,1
3410,加些,1
3411,插入,1
3412,人日京,1
3413,无可置疑,1
3414,淹,1
3415,汇成,1
3416,冷淡,1
3417,可脑,1
3418,征文,1
3419,由始至终,1
3420,扛,1
3421,白鹤,1
3422,每天晚上,1
3423,柠七,1
3424,很足,1
3425,建筑,1
3426,找人,1
3427,教训,1
3428,擦,1
3429,空前团结,1
3430,起步晚,1
3431,成名作,1
3432,当得起,1
3433,偷偷,1
3434,四舍五入,1
3435,风声,1
3436,捂,1
3437,脑子里,1
3438,急促,1
3439,年节,1
3440,瓶酒,1
3441,胡吹,1
3442,打了个,1
3443,轻易,1
3444,对不起,1
3445,我会,1
3446,停顿,1
3447,搞个,1
3448,火箭,1
3449,台前幕后,1
3450,人马,1
3451,专心,1
3452,单一,1
3453,多条,1
3454,cosmopolitan,1
3455,冻成,1
3456,委员会,1
3457,放置,1
3458,忽软,1
3459,手机,1
3460,喷薄而出,1
3461,九八,1
3462,小鸟,1
3463,并不矛盾,1
3464,而虛,1
3465,权威,1
3466,承担,1
3467,雲,1
3468,andhuman,1
3469,西游记,1
3470,四弟,1
3471,绑住,1
3472,忽,1
3473,多点儿,1
3474,19,1
3475,核心人物,1
3476,多锅,1
3477,千辛万苦,1
3478,普罗米修斯,1
3479,太难受,1
3480,我爸,1
3481,在外,1
3482,全是,1
3483,金手指,1
3484,麻木,1
3485,翻来覆去,1
3486,隐忧,1
3487,啪,1
3488,骨头,1
3489,特此,1
3490,英语,1
3491,体裁,1
3492,人真,1
3493,早点儿,1
3494,制作方,1
3495,学好,1
3496,垮,1
3497,低配,1
3498,非此即彼,1
3499,英国,1
3500,自古,1
3501,收音,1
3502,射程,1
3503,嘲笑,1
3504,理由,1
3505,风靡,1
3506,头上,1
3507,二次,1
3508,这颗,1
3509,三段,1
3510,碰,1
3511,默默,1
3512,拼,1
3513,2018,1
3514,荒原,1
3515,相比之下,1
3516,耗时,1
3517,射,1
3518,特小,1
3519,隨時,1
3520,坏人,1
3521,付出,1
3522,二路,1
3523,之位,1
3524,交管局,1
3525,白雪,1
3526,加料,1
3527,身后,1
3528,Two,1
3529,怪,1
3530,称不上,1
3531,吊角眼,1
3532,百丈,1
3533,放同,1
3534,萬遍,1
3535,迎面,1
3536,储备,1
3537,一阵阵,1
3538,開始,1
3539,彿,1
3540,双腿,1
3541,卖,1
3542,翻倍,1
3543,划时代,1
3544,回看,1
3545,荷里活,1
3546,映后,1
3547,开拓,1
3548,技術並,1
3549,年少,1
3550,面带微笑,1
3551,身份,1
3552,high,1
3553,本质区别,1
3554,特技,1
3555,过高,1
3556,惊呆,1
3557,尽力,1
3558,独到之处,1
3559,无可替代,1
3560,泪眼,1
3561,折腾,1
3562,脑补出,1
3563,见证者,1
3564,方向盘,1
3565,看得远,1
3566,惊闻,1
3567,几点,1
3568,里长,1
3569,中国崛起,1
3570,反驳,1
3571,长长的,1
3572,正常者,1
3573,果决,1
3574,太多太多,1
3575,半瓶,1
3576,罪,1
3577,改写,1
3578,阿尔法,1
3579,陀螺,1
3580,男二,1
3581,土锤,1
3582,蒙蔽,1
3583,全唐诗,1
3584,Jupiter,1
3585,倍,1
3586,嫌疑,1
3587,请问,1
3588,声,1
3589,后续,1
3590,返家,1
3591,這個,1
3592,回首,1
3593,灯光,1
3594,口号式,1
3595,分给,1
3596,弟子规,1
3597,挺累,1
3598,散架,1
3599,渗透到,1
3600,菲律宾,1
3601,组团,1
3602,原有,1
3603,层次,1
3604,兑现,1
3605,押点,1
3606,开车,1
3607,把握,1
3608,第二届,1
3609,木地,1
3610,消灭,1
3611,这本,1
3612,遍地,1
3613,放映室,1
3614,褒赞,1
3615,90,1
3616,坐标,1
3617,燃度,1
3618,拉格朗,1
3619,失落,1
3620,之船,1
3621,赘述,1
3622,有生之年,1
3623,炮仗,1
3624,乱来,1
3625,规则,1
3626,注水,1
3627,哪算,1
3628,琪琪,1
3629,挑出,1
3630,似曾相识,1
3631,低端,1
3632,之眼,1
3633,没想,1
3634,既要,1
3635,温情,1
3636,自信心,1
3637,非买不可,1
3638,欧美,1
3639,致密,1
3640,一脸,1
3641,干的事,1
3642,投机,1
3643,刘不像,1
3644,追上,1
3645,取名,1
3646,童年,1
3647,不计成本,1
3648,除尾曲外,1
3649,耗资,1
3650,此之谓,1
3651,之間,1
3652,末,1
3653,指望,1
3654,对接,1
3655,丑陋,1
3656,感受一下,1
3657,雷,1
3658,太多立,1
3659,往前走,1
3660,加量,1
3661,混蛋,1
3662,淡蓝色,1
3663,底层,1
3664,用于,1
3665,一大堆,1
3666,系,1
3667,拗,1
3668,地久天长,1
3669,靠边,1
3670,面,1
3671,纵横,1
3672,猛料,1
3673,操练,1
3674,鲜活,1
3675,松林,1
3676,导,1
3677,问过,1
3678,技校,1
3679,青,1
3680,糟透了,1
3681,中國人,1
3682,反科学,1
3683,朝鲜,1
3684,一本正经,1
3685,一帮,1
3686,齿轮,1
3687,平凡,1
3688,沉湎,1
3689,文案,1
3690,巨柱,1
3691,瞪,1
3692,中澳,1
3693,各行其道,1
3694,来回,1
3695,贞洁,1
3696,难产,1
3697,箍,1
3698,有害,1
3699,卡顿,1
3700,北戴河,1
3701,失控,1
3702,当球长,1
3703,明暗,1
3704,齁,1
3705,调和,1
3706,法间,1
3707,满座,1
3708,推薦,1
3709,强盗,1
3710,毫無細膩,1
3711,意味,1
3712,演講,1
3713,第一场,1
3714,攻击,1
3715,死去,1
3716,年輕,1
3717,爱好者,1
3718,面罩,1
3719,相,1
3720,抵抗,1
3721,功利性,1
3722,顶成,1
3723,很俗,1
3724,骗得,1
3725,很烦,1
3726,笑料,1
3727,遵守规则,1
3728,削弱,1
3729,投资商,1
3730,变通,1
3731,黄昏,1
3732,上落,1
3733,前排,1
3734,火柴,1
3735,伦常,1
3736,藏,1
3737,演讲稿,1
3738,率先,1
3739,学过,1
3740,后退,1
3741,疲劳,1
3742,三位,1
3743,难题,1
3744,旧,1
3745,沦陷,1
3746,兴趣,1
3747,搪塞,1
3748,曹云金,1
3749,加分,1
3750,讴歌,1
3751,根植,1
3752,突破口,1
3753,燃炸,1
3754,小人物,1
3755,落泪,1
3756,勃勃生机,1
3757,绚烂,1
3758,lt,1
3759,泪珠,1
3760,融合度,1
3761,xxx,1
3762,借口,1
3763,组装,1
3764,望梅,1
3765,偶然,1
3766,心甘,1
3767,讨喜,1
3768,吳孟達,1
3769,有點,1
3770,神經,1
3771,一声不吭,1
3772,封神,1
3773,义,1
3774,中科院,1
3775,一气呵成,1
3776,实实在在,1
3777,子上,1
3778,吴京开,1
3779,舍小家,1
3780,缓解,1
3781,半是,1
3782,更烦,1
3783,不下雨,1
3784,整個,1
3785,赞许,1
3786,很差,1
3787,止渴,1
3788,飙车,1
3789,hal9000,1
3790,人去,1
3791,绝妙,1
3792,美女,1
3793,迁徙,1
3794,工業,1
3795,鸡汤,1
3796,生生,1
3797,滑头,1
3798,Д,1
3799,高性价比,1
3800,雪上加霜,1
3801,钓鱼,1
3802,带出,1
3803,看笑话,1
3804,芝麻,1
3805,质素,1
3806,半死,1
3807,眼神,1
3808,双关语,1
3809,手法,1
3810,丢掉,1
3811,黄继光,1
3812,绝大多数,1
3813,1.0,1
3814,响,1
3815,地带,1
3816,破局,1
3817,飙泪,1
3818,分量,1
3819,干得,1
3820,恥辱柱,1
3821,降到,1
3822,大笑,1
3823,原理,1
3824,品味,1
3825,精细,1
3826,醉,1
3827,卡朋特和库,1
3828,无从谈起,1
3829,展望,1
3830,运营,1
3831,情緒,1
3832,战狼减,1
3833,鸣谢,1
3834,话外音,1
3835,拜个,1
3836,改良,1
3837,清晰可见,1
3838,螺钉,1
3839,回家路上,1
3840,那批,1
3841,之久,1
3842,掐滅,1
3843,逃,1
3844,一位,1
3845,国足,1
3846,趋向,1
3847,雾,1
3848,杨皓宇,1
3849,角落,1
3850,引导,1
3851,糟蹋,1
3852,心理学,1
3853,拽,1
3854,masculinity,1
3855,中哭,1
3856,采用,1
3857,配器,1
3858,像片,1
3859,晚点,1
3860,情節,1
3861,肉体,1
3862,喜爱,1
3863,汽车,1
3864,腥风血雨,1
3865,还好,1
3866,青出于蓝,1
3867,阻止,1
3868,宅,1
3869,打雷,1
3870,朦胧,1
3871,魔法,1
3872,義的,1
3873,可笑,1
3874,底子,1
3875,网游,1
3876,从技术上,1
3877,操刀,1
3878,流利地,1
3879,两颗,1
3880,改过,1
3881,惊险,1
3882,畔,1
3883,漫漫,1
3884,拷问,1
3885,神化,1
3886,愿,1
3887,巷子,1
3888,没切,1
3889,啥时候,1
3890,辅助性,1
3891,陈旧,1
3892,讲下去,1
3893,胃口,1
3894,目光,1
3895,浪费,1
3896,兼顾,1
3897,少量,1
3898,违法,1
3899,放低,1
3900,母亲,1
3901,冲刺,1
3902,別毀,1
3903,釜底抽薪,1
3904,保卫,1
3905,卫星,1
3906,妄想,1
3907,教委,1
3908,预算,1
3909,以往,1
3910,不可分割,1
3911,大前提,1
3912,190211,1
3913,光荣,1
3914,战狼站,1
3915,gay,1
3916,中国芯,1
3917,票价,1
3918,饥荒,1
3919,略晃,1
3920,赤诚,1
3921,節奏,1
3922,勝天,1
3923,推完,1
3924,全自動,1
3925,战天斗地,1
3926,血脉,1
3927,运载,1
3928,得救,1
3929,投注,1
3930,For,1
3931,有虚高,1
3932,以假乱真,1
3933,耐尔,1
3934,冻地,1
3935,临死前,1
3936,普通人,1
3937,终结,1
3938,驾驭,1
3939,历史背景,1
3940,寒冷,1
3941,毫無,1
3942,表达方式,1
3943,延不,1
3944,评星,1
3945,烂成,1
3946,混搭出,1
3947,食物,1
3948,极具,1
3949,旧金山,1
3950,在精神上,1
3951,范畴,1
3952,移居,1
3953,二星,1
3954,是非,1
3955,克服,1
3956,期,1
3957,一言难尽,1
3958,样,1
3959,小妖怪,1
3960,只卖,1
3961,痕跡,1
3962,两句,1
3963,波,1
3964,看重,1
3965,说出,1
3966,劝,1
3967,只留,1
3968,错过,1
3969,意,1
3970,扩充,1
3971,致辞,1
3972,浑然一体,1
3973,漫威要,1
3974,减分,1
3975,五分,1
3976,表現,1
3977,走后门,1
3978,步骤,1
3979,过渡,1
3980,身临其境,1
3981,十万八千里,1
3982,参加,1
3983,丧,1
3984,涛,1
3985,胸脯,1
3986,嫌弃,1
3987,塞,1
3988,微博吹,1
3989,孤独感,1
3990,zuo,1
3991,灌输,1
3992,兼,1
3993,环太,1
3994,电审,1
3995,上周,1
3996,多样化,1
3997,横肉,1
3998,大学物理,1
3999,几分,1
4000,一阵子,1
4001,黄金时代,1
4002,混战,1
4003,实数,1
4004,芸芸,1
4005,没把握,1
4006,一吹,1
4007,天假,1
4008,工业体系,1
4009,星空,1
4010,收到,1
4011,陪,1
4012,注意力,1
4013,杀人,1
4014,层,1
4015,刻奇感,1
4016,人死,1
4017,求助,1
4018,质量上乘,1
4019,哭哭,1
4020,逆袭,1
4021,红利,1
4022,眺望,1
4023,吸走,1
4024,散逸,1
4025,走稳,1
4026,第一座,1
4027,剪开,1
4028,人过,1
4029,维多利亚,1
4030,女演员,1
4031,总能,1
4032,天欲,1
4033,打赏,1
4034,骨髓,1
4035,功能,1
4036,攀登,1
4037,肉眼,1
4038,11,1
4039,小球,1
4040,师,1
4041,太糙,1
4042,超全知,1
4043,声线,1
4044,充公,1
4045,前三刷,1
4046,而山,1
4047,继日,1
4048,這麼,1
4049,19.9%,1
4050,遨游,1
4051,漫长,1
4052,前头,1
4053,同理,1
4054,扮演者,1
4055,说来说去,1
4056,频繁,1
4057,拍电影,1
4058,真真是,1
4059,颇具,1
4060,化用,1
4061,出城,1
4062,油盐,1
4063,民族性,1
4064,国片,1
4065,低能,1
4066,重组,1
4067,男主光,1
4068,理直气壮,1
4069,交错,1
4070,瞄准,1
4071,影城,1
4072,悲天悯人,1
4073,蠢笨,1
4074,更具,1
4075,博主,1
4076,土壤,1
4077,搬,1
4078,悲凉,1
4079,人有,1
4080,冠军,1
4081,雜,1
4082,值得尊重,1
4083,前赴后继,1
4084,无异,1
4085,搭配,1
4086,一代,1
4087,好久,1
4088,认可度,1
4089,衔接,1
4090,视而不见,1
4091,我列,1
4092,張移動,1
4093,蔓延到,1
4094,母校,1
4095,打底,1
4096,九十年代,1
4097,闺蜜,1
4098,畫面,1
4099,口头禅,1
4100,多部,1
4101,疑问,1
4102,视界,1
4103,取经,1
4104,忽悠,1
4105,现实意义,1
4106,遮羞,1
4107,静候,1
4108,画面质量,1
4109,带入,1
4110,连土锤,1
4111,地不間,1
4112,同步,1
4113,达成,1
4114,救起,1
4115,最狠,1
4116,千万别,1
4117,悄然,1
4118,迄今为止,1
4119,律令,1
4120,这特,1
4121,言情,1
4122,续雕,1
4123,班長,1
4124,想像,1
4125,打怪,1
4126,走得,1
4127,厅,1
4128,请个,1
4129,很强,1
4130,表现力,1
4131,深知,1
4132,没看,1
4133,前瞻性,1
4134,得以,1
4135,多人来,1
4136,迪斯科,1
4137,赞赞赞,1
4138,讲道理,1
4139,同款,1
4140,可喜可贺,1
4141,喜剧片,1
4142,是夜,1
4143,内外,1
4144,引领,1
4145,多到,1
4146,全给,1
4147,想必,1
4148,钱来,1
4149,胡乱,1
4150,中有,1
4151,武打,1
4152,演算,1
4153,上帝,1
4154,太长,1
4155,老师,1
4156,掰,1
4157,并存,1
4158,队伍,1
4159,上银幕,1
4160,后遗症,1
4161,還行,1
4162,太大,1
4163,隨地,1
4164,相逢,1
4165,邏輯,1
4166,局限于,1
4167,片少,1
4168,浮,1
4169,鼓勵,1
4170,开着车,1
4171,各家,1
4172,大喊,1
4173,著演過,1
4174,一色,1
4175,技巧,1
4176,烧纸,1
4177,不自量力,1
4178,难过,1
4179,回忆起,1
4180,章,1
4181,泰山,1
4182,烂俗,1
4183,空话,1
4184,回闪,1
4185,重金属,1
4186,循规蹈矩,1
4187,出人意料,1
4188,安全感,1
4189,清洁,1
4190,忧虑,1
4191,筹划,1
4192,一家亲,1
4193,天平,1
4194,瞧不起,1
4195,仓促,1
4196,處理,1
4197,不远万里,1
4198,庆幸,1
4199,一支,1
4200,十次,1
4201,创作自由,1
4202,planB,1
4203,加州,1
4204,补充,1
4205,gravity,1
4206,臉譜,1
4207,键,1
4208,不耐烦,1
4209,墓场,1
4210,平台,1
4211,指令,1
4212,担心,1
4213,红巨星,1
4214,左派,1
4215,無餘,1
4216,警察局,1
4217,劝降,1
4218,责任,1
4219,拙劣,1
4220,广告,1
4221,老大哥,1
4222,顽固,1
4223,每分钟,1
4224,不为过,1
4225,特斯拉,1
4226,浓浓的,1
4227,帝都,1
4228,阿弥,1
4229,不入流,1
4230,结尾处,1
4231,拿捏,1
4232,宝莱坞,1
4233,群戏,1
4234,出力,1
4235,撕一,1
4236,TT,1
4237,1.80%,1
4238,虛假,1
4239,拿来主义,1
4240,蓝色,1
4241,攒,1
4242,坐地,1
4243,史册,1
4244,上万个,1
4245,十四年,1
4246,风雪,1
4247,胸怀,1
4248,顶天,1
4249,年初一,1
4250,留史,1
4251,再现,1
4252,学校,1
4253,出头,1
4254,振奋,1
4255,四海之内皆兄弟,1
4256,从头开始,1
4257,旗号,1
4258,诸如此类,1
4259,couple,1
4260,表示遗憾,1
4261,揣着,1
4262,化为,1
4263,記,1
4264,江都,1
4265,拔线,1
4266,潮流,1
4267,十,1
4268,喜感,1
4269,٩,1
4270,保存,1
4271,25,1
4272,改改,1
4273,依次,1
4274,production,1
4275,cinematically,1
4276,天咒,1
4277,改词,1
4278,听见,1
4279,视点,1
4280,人体,1
4281,一株,1
4282,摸索,1
4283,不大義凜然,1
4284,神马,1
4285,装备,1
4286,确是,1
4287,黑色幽默,1
4288,failing,1
4289,男一女,1
4290,一闪,1
4291,上联,1
4292,接二连三,1
4293,策划,1
4294,秒杀,1
4295,会生,1
4296,改命,1
4297,实话,1
4298,压死,1
4299,有气无力,1
4300,外语片,1
4301,迷们,1
4302,非人,1
4303,ω,1
4304,一瓶,1
4305,一茬,1
4306,公器私用,1
4307,捧星,1
4308,稍逊,1
4309,昭告,1
4310,神探,1
4311,年纪,1
4312,产物,1
4313,想来,1
4314,来龙去脉,1
4315,开春,1
4316,插科,1
4317,震惊,1
4318,彷佛,1
4319,香港,1
4320,成年,1
4321,避雷,1
4322,春季,1
4323,注重,1
4324,星点,1
4325,新世纪,1
4326,纠结,1
4327,末尾,1
4328,意识形态,1
4329,失联,1
4330,殖民,1
4331,整體,1
4332,Here,1
4333,推向,1
4334,几段,1
4335,小米,1
4336,结合部,1
4337,一系列,1
4338,审问,1
4339,新冠,1
4340,支援,1
4341,缺陷,1
4342,下靠,1
4343,佳品,1
4344,击中,1
4345,又红又专,1
4346,偏好,1
4347,传播,1
4348,人定,1
4349,第二个,1
4350,excuse,1
4351,人想,1
4352,眼晕,1
4353,丧货,1
4354,恍若隔世,1
4355,融入,1
4356,史前,1
4357,趋于,1
4358,八组,1
4359,吓人,1
4360,不如说是,1
4361,电影站,1
4362,聊,1
4363,一秒钟,1
4364,两回事,1
4365,交到,1
4366,特意,1
4367,引擎,1
4368,升起,1
4369,特别版,1
4370,除掉,1
4371,做错,1
4372,陆家嘴,1
4373,身去,1
4374,进程,1
4375,记入,1
4376,小数点,1
4377,定位,1
4378,发芽,1
4379,在线,1
4380,理想,1
4381,之风,1
4382,记侍,1
4383,争执,1
4384,俯瞰,1
4385,欢呼雀跃,1
4386,冰天,1
4387,巨型,1
4388,大伙,1
4389,木头,1
4390,🐷,1
4391,颜,1
4392,仰脖,1
4393,Come,1
4394,夺走,1
4395,真假,1
4396,很坏,1
4397,08,1
4398,宣泄,1
4399,情势,1
4400,午夜,1
4401,創作,1
4402,铜,1
4403,离家出走,1
4404,操作,1
4405,脑,1
4406,同情心,1
4407,谩骂,1
4408,捏造,1
4409,走过,1
4410,人要,1
4411,预测,1
4412,Albert,1
4413,挑战,1
4414,火花,1
4415,船长,1
4416,科都,1
4417,一人拉低,1
4418,法纪,1
4419,大炮仗,1
4420,吴京上,1
4421,霍,1
4422,富豪榜,1
4423,不复,1
4424,调侃,1
4425,播撒,1
4426,朋友圈,1
4427,情愿,1
4428,感性,1
4429,汇聚一堂,1
4430,增援,1
4431,滚动,1
4432,无愿,1
4433,心智,1
4434,一曲,1
4435,实则,1
4436,谱,1
4437,电影学院,1
4438,匮,1
4439,唬住,1
4440,整排,1
4441,慎重考虑,1
4442,最能,1
4443,万众一心,1
4444,制定,1
4445,期间,1
4446,勇敢无畏,1
4447,玩具,1
4448,撒娇,1
4449,起得,1
4450,千遍,1
4451,三问,1
4452,位于,1
4453,只谈,1
4454,没收,1
4455,歪歪,1
4456,假以时日,1
4457,好处,1
4458,说话,1
4459,乱搞,1
4460,耐不住,1
4461,往前,1
4462,不值,1
4463,两组,1
4464,飘零,1
4465,洞悉,1
4466,那位,1
4467,坚持下去,1
4468,sentimental,1
4469,第一批,1
4470,小小,1
4471,乏善可陈,1
4472,爆炸波,1
4473,史无前例,1
4474,就行了,1
4475,惊到,1
4476,出门,1
4477,程序,1
4478,节节败退,1
4479,没塌掉,1
4480,逗我,1
4481,本应,1
4482,魅力,1
4483,对象,1
4484,还远,1
4485,将来,1
4486,攥,1
4487,厌女,1
4488,微醺,1
4489,服装,1
4490,动力学,1
4491,冲上去,1
4492,些许,1
4493,懷帶,1
4494,极强,1
4495,呼,1
4496,情願,1
4497,淋漓,1
4498,这样儿,1
4499,冰火,1
4500,話,1
4501,合在一起,1
4502,粗浅,1
4503,引用,1
4504,不寒而栗,1
4505,2019.01,1
4506,丢人,1
4507,儿童,1
4508,吴战,1
4509,弯儿,1
4510,祝贺,1
4511,巨作,1
4512,人脸,1
4513,有大爱,1
4514,丢脸,1
4515,世感,1
4516,违规,1
4517,一匹,1
4518,兄弟,1
4519,熊熊燃烧,1
4520,之力,1
4521,一针,1
4522,红色,1
4523,流行,1
4524,整理,1
4525,外套,1
4526,污染,1
4527,敗筆,1
4528,小镇,1
4529,大陆,1
4530,尽显,1
4531,很远,1
4532,未,1
4533,阳光,1
4534,修改,1
4535,妖星,1
4536,基建,1
4537,审美疲劳,1
4538,用之不竭,1
4539,多些,1
4540,诸多,1
4541,知晓,1
4542,中段,1
4543,齿冷,1
4544,杜比,1
4545,安定,1
4546,多人,1
4547,道理,1
4548,笼罩,1
4549,尴,1
4550,顶撞,1
4551,切出来,1
4552,诗意,1
4553,头次,1
4554,蒲,1
4555,而今,1
4556,正确看待,1
4557,看点,1
4558,已經,1
4559,停转,1
4560,哈哈哈哈,1
4561,游记,1
4562,向上,1
4563,要素,1
4564,不燃,1
4565,脑门,1
4566,探照灯,1
4567,死生,1
4568,千真万确,1
4569,万岁,1
4570,长镜头,1
4571,说服力,1
4572,性质,1
4573,分数,1
4574,遇事,1
4575,女儿,1
4576,没能,1
4577,空中,1
4578,更新,1
4579,最多,1
4580,好不好,1
4581,心理变态,1
4582,催化剂,1
4583,美工,1
4584,英雄形象,1
4585,无力,1
4586,打麻将,1
4587,文章,1
4588,区别,1
4589,自杀,1
4590,喜剧,1
4591,太牛,1
4592,自觉,1
4593,有戏,1
4594,虽远必,1
4595,转发,1
4596,wen,1
4597,年度,1
4598,不太好,1
4599,有事,1
4600,吹得,1
4601,类,1
4602,萧加,1
4603,隐蔽,1
4604,最爱,1
4605,年代久远,1
4606,顺利,1
4607,显示屏,1
4608,片所持,1
4609,经受,1
4610,礼物,1
4611,景置,1
4612,废,1
4613,阿丽塔,1
4614,忍受,1
4615,试水,1
4616,amp,1
4617,狗头,1
4618,八万里,1
4619,五代,1
4620,全无,1
4621,硬且,1
4622,一团糟,1
4623,第七天,1
4624,腿,1
4625,衷心希望,1
4626,触,1
4627,意旨,1
4628,鲸鱼,1
4629,一赞,1
4630,成人,1
4631,演些,1
4632,有感于,1
4633,重土安迁,1
4634,超纲,1
4635,自圆其说,1
4636,主推,1
4637,哥伦比亚,1
4638,陌生,1
4639,韵味,1
4640,天文学,1
4641,摇,1
4642,劫后余生,1
4643,殆盡,1
4644,几千年,1
4645,资深,1
4646,再见面,1
4647,含义,1
4648,派个,1
4649,期盼,1
4650,消息,1
4651,工业革命,1
4652,高潮迭起,1
4653,想活,1
4654,落入俗套,1
4655,笑眯眯,1
4656,光靠,1
4657,搭台,1
4658,撩,1
4659,华而不实,1
4660,乡土味,1
4661,电,1
4662,近一半,1
4663,会去,1
4664,笔墨,1
4665,媲美,1
4666,果实,1
4667,冰棍,1
4668,真如铁,1
4669,没炸响,1
4670,就让,1
4671,临死,1
4672,周边,1
4673,马甲,1
4674,凸显,1
4675,不朽,1
4676,人文主义,1
4677,文艺,1
4678,骂街,1
4679,靠近,1
4680,定制,1
4681,兜住,1
4682,国籍,1
4683,一巴掌,1
4684,借此机会,1
4685,达尔文主义,1
4686,暴雨,1
4687,仙桃,1
4688,toxic,1
4689,浪女,1
4690,培养,1
4691,鞭炮,1
4692,华谊,1
4693,网友,1
4694,房间,1
4695,减速,1
4696,HAL,1
4697,辩证关系,1
4698,不科,1
4699,执拗,1
4700,穿戴,1
4701,女神,1
4702,细思,1
4703,震天响,1
4704,威权,1
4705,面面俱到,1
4706,音乐剧,1
4707,惹恼,1
4708,了不得,1
4709,老天,1
4710,早用,1
4711,搅浑,1
4712,反胃,1
4713,过家家,1
4714,省钱,1
4715,第一遍,1
4716,抵达,1
4717,大方向,1
4718,扫描,1
4719,花俩,1
4720,按下不表,1
4721,特批,1
4722,欢呼,1
4723,善恶,1
4724,斗志,1
4725,机器人,1
4726,百米,1
4727,计算,1
4728,救命,1
4729,停蹄,1
4730,懂得,1
4731,异动,1
4732,武林,1
4733,男孩,1
4734,一百个,1
4735,手套,1
4736,量身,1
4737,美帝,1
4738,同声,1
4739,建国,1
4740,而拉低,1
4741,冰会,1
4742,镇定,1
4743,安妮,1
4744,抵不过,1
4745,五个,1
4746,印象分,1
4747,产能,1
4748,征途,1
4749,完连,1
4750,运行机制,1
4751,队员,1
4752,多线,1
4753,歌剧,1
4754,后继者,1
4755,燃到,1
4756,想像力,1
4757,抱歉,1
4758,故字,1
4759,公里,1
4760,新生代,1
4761,再来,1
4762,人类学,1
4763,這,1
4764,妙,1
4765,时该,1
4766,生根,1
4767,۶,1
4768,执迷,1
4769,刻奇,1
4770,长达,1
4771,揭示,1
4772,X,1
4773,运镜,1
4774,荒芜,1
4775,看乐,1
4776,活生生,1
4777,各类,1
4778,成就,1
4779,评判,1
4780,谦逊地,1
4781,第一天,1
4782,工作者,1
4783,致郁,1
4784,♀,1
4785,颓废,1
4786,困,1
4787,独裁,1
4788,争斗,1
4789,倒塌,1
4790,盗梦,1
4791,煽成,1
4792,杯,1
4793,走上,1
4794,往上拉,1
4795,下装,1
4796,猜炸,1
4797,纯为,1
4798,技术细节,1
4799,实际上,1
4800,新编,1
4801,精子,1
4802,出眾,1
4803,幌子,1
4804,哈尔,1
4805,自行车,1
4806,Logo,1
4807,绝大部分,1
4808,分泌,1
4809,乖宝宝,1
4810,建構,1
4811,影厅,1
4812,全景,1
4813,养活,1
4814,更扣,1
4815,铭记,1
4816,变,1
4817,最初,1
4818,呼叫,1
4819,污名,1
4820,天,1
4821,覺得,1
4822,鲁莽,1
4823,印尼,1
4824,被动,1
4825,终结者,1
4826,塑造成,1
4827,轻柔,1
4828,很吵且,1
4829,不忍心,1
4830,目的,1
4831,严谨,1
4832,开除,1
4833,跃跃欲试,1
4834,光照,1
4835,众矢之的,1
4836,反制,1
4837,蛮带,1
4838,单是,1
4839,好大,1
4840,冲突点,1
4841,编,1
4842,改看,1
4843,有益,1
4844,奔,1
4845,百废待兴,1
4846,人道,1
4847,app,1
4848,丢人现眼,1
4849,像样,1
4850,早点,1
4851,填充,1
4852,地塞到,1
4853,星改,1
4854,争议,1
4855,比得上,1
4856,Be,1
4857,這片給,1
4858,强上,1
4859,弱化,1
4860,功德无量,1
4861,黑星,1
4862,为先,1
4863,长征,1
4864,演到,1
4865,寄予,1
4866,邪教,1
4867,胡子,1
4868,好土,1
4869,噁,1
4870,救救,1
4871,虚伪,1
4872,仰望,1
4873,省,1
4874,顺眼,1
4875,🤨,1
4876,点常,1
4877,先行者,1
4878,不凡,1
4879,那点,1
4880,女音,1
4881,解决不了,1
4882,祝福,1
4883,值得注意,1
4884,津津有味,1
4885,课本,1
4886,多元,1
4887,好不容易,1
4888,这波,1
4889,观众们,1
4890,泯,1
4891,微博说,1
4892,煽到,1
4893,力挽狂澜,1
4894,同期,1
4895,油,1
4896,重启,1
4897,要点,1
4898,王者,1
4899,可太难,1
4900,步枪,1
4901,Caution,1
4902,历史事实,1
4903,概括,1
4904,吃螃蟹,1
4905,西门,1
4906,纸,1
4907,神殿,1
4908,不早,1
4909,快速,1
4910,不远,1
4911,止不住,1
4912,恶臭,1
4913,军旅,1
4914,同一个,1
4915,腔调,1
4916,步履蹒跚,1
4917,雪天,1
4918,伦理片,1
4919,命,1
4920,狂魔,1
4921,献祭,1
4922,奇景,1
4923,叔,1
4924,六年,1
4925,违反,1
4926,无碍,1
4927,无泪,1
4928,非要,1
4929,北海,1
4930,关掉,1
4931,车间,1
4932,FEST,1
4933,观察力,1
4934,四两拨千斤,1
4935,救世主,1
4936,果断,1
4937,之上,1
4938,半颗,1
4939,逼真,1
4940,爷俩,1
4941,辣鸡,1
4942,调色,1
4943,最苏,1
4944,杀死,1
4945,亚特兰蒂斯,1
4946,丛生,1
4947,但会,1
4948,烙印,1
4949,娴熟,1
4950,见证,1
4951,美景,1
4952,雷看,1
4953,刘用,1
4954,遥视,1
4955,看多,1
4956,免疫力,1
4957,当初,1
4958,吴京能,1
4959,代表作品,1
4960,旋转,1
4961,40%,1
4962,切腹,1
4963,负分,1
4964,收养,1
4965,亟需,1
4966,主義的,1
4967,探究,1
4968,使劲,1
4969,一脚,1
4970,举例,1
4971,圆,1
4972,以小见大,1
4973,维塔,1
4974,真他妈,1
4975,截然不同,1
4976,凭空想像,1
4977,ptsd,1
4978,试试,1
4979,变形金刚,1
4980,讲个,1
4981,螃蟹,1
4982,摆,1
4983,养成,1
4984,相撞,1
4985,会想,1
4986,佳源店,1
4987,劉慈欣會,1
4988,諷刺,1
4989,太扯,1
4990,声情并茂,1
4991,卡帧,1
4992,敢教,1
4993,打造,1
4994,浇灭,1
4995,往后,1
4996,制度,1
4997,重生,1
4998,播报,1
4999,hold,1
5000,明日,1
5001,万金油,1
5002,男癌,1
5003,关键人物,1
5004,暗讽,1
5005,部战,1
5006,Excuse,1
5007,我带,1
5008,了不起,1
5009,不禁,1
5010,接轨,1
5011,打过,1
5012,主沉浮,1
5013,实,1
5014,三点,1
5015,一批,1
5016,苟利,1
5017,星辰,1
5018,可看,1
5019,身上,1
5020,試圖,1
5021,放开,1
5022,战狼魂,1
5023,數人,1
5024,并用,1
5025,TARS,1
5026,量产,1
5027,链,1
5028,踏着,1
5029,资本主义,1
5030,耗尽,1
5031,久,1
5032,减轻,1
5033,连人带,1
5034,刷开,1
5035,有部,1
5036,选段,1
5037,火光,1
5038,国版,1
5039,无处不在,1
5040,亢奋,1
5041,整个儿,1
5042,默哀,1
5043,罪孽,1
5044,尊严,1
5045,气节,1
5046,抬头,1
5047,乱动,1
5048,正轨,1
5049,最新,1
5050,斩获,1
5051,急眼,1
5052,仿造,1
5053,打击,1
5054,用知,1
5055,乡土,1
5056,04,1
5057,赞叹,1
5058,叛乱,1
5059,着想,1
5060,分项,1
5061,陋习,1
5062,总比,1
5063,谈论,1
5064,键盘,1
5065,无畏,1
5066,憨,1
5067,黑人,1
5068,暗面,1
5069,守,1
5070,延展,1
5071,一扫,1
5072,順說,1
5073,欣赏,1
5074,直逼,1
5075,硬噎,1
5076,shi,1
5077,星一張,1
5078,烧毁,1
5079,骨子里,1
5080,奔头,1
5081,概念设计,1
5082,恩仇,1
5083,歧视,1
5084,闪回,1
5085,注释,1
5086,教育课,1
5087,那天,1
5088,辣,1
5089,厚,1
5090,无穷,1
5091,切,1
5092,日常,1
5093,癥,1
5094,倍速,1
5095,炼成,1
5096,衍生,1
5097,短視頻,1
5098,猴子,1
5099,粉饰,1
5100,一首,1
5101,隔离,1
5102,米饭,1
5103,大卖,1
5104,浮现,1
5105,着实,1
5106,碎嘴子,1
5107,认定,1
5108,🆘,1
5109,置身于,1
5110,可见一斑,1
5111,嚷,1
5112,欣喜,1
5113,法文,1
5114,行军,1
5115,思索,1
5116,两千五百,1
5117,翻到,1
5118,过誉,1
5119,土法炼钢,1
5120,反击,1
5121,王晋康,1
5122,小到,1
5123,作出,1
5124,山寨,1
5125,妈,1
5126,虚幻,1
5127,统治,1
5128,开创,1
5129,广电总局,1
5130,借家國情,1
5131,一笔,1
5132,发布,1
5133,承载,1
5134,多于,1
5135,回应,1
5136,鸡肋,1
5137,大头,1
5138,壮丽,1
5139,只想,1
5140,二十分钟,1
5141,斑斓,1
5142,9102,1
5143,威能,1
5144,触动,1
5145,献给,1
5146,抵触,1
5147,这层,1
5148,結,1
5149,写不出,1
5150,太散,1
5151,避难,1
5152,cg,1
5153,事實,1
5154,可取,1
5155,衰变,1
5156,管够,1
5157,歪解,1
5158,算不清,1
5159,吉祥物,1
5160,火,1
5161,耳熟,1
5162,男友,1
5163,逊于,1
5164,啥样,1
5165,第一口,1
5166,大义,1
5167,..,1
5168,姜文,1
5169,永昼,1
5170,节点,1
5171,4d,1
5172,Now,1
5173,不高,1
5174,两万里,1
5175,之流,1
5176,目前为止,1
5177,白,1
5178,予以,1
5179,群戲,1
5180,被誉为,1
5181,电车,1
5182,☆,1
5183,木耳,1
5184,类人,1
5185,太短,1
5186,之地,1
5187,保守,1
5188,弹性,1
5189,有库,1
5190,辩证,1
5191,立得,1
5192,守恒定律,1
5193,處,1
5194,戲碼,1
5195,共克,1
5196,好汉,1
5197,確實,1
5198,追随,1
5199,搬山,1
5200,没溜儿,1
5201,向来,1
5202,写进,1
5203,三板斧,1
5204,保全,1
5205,刘写,1
5206,juxtaposition,1
5207,出钱,1
5208,传译,1
5209,稻草,1
5210,交出,1
5211,铲除,1
5212,壳子,1
5213,http,1
5214,繁衍,1
5215,哪来,1
5216,石头,1
5217,隐瞒,1
5218,当日,1
5219,无语,1
5220,時代,1
5221,虚高,1
5222,看一看,1
5223,关键时刻,1
5224,豪情,1
5225,鸭,1
5226,大半,1
5227,四部,1
5228,男主新,1
5229,哪有,1
5230,感悟,1
5231,而私,1
5232,排,1
5233,反思,1
5234,一抹,1
5235,感怀,1
5236,....,1
5237,一周,1
5238,冻死,1
5239,一家人,1
5240,银河系,1
5241,早就,1
5242,两端,1
5243,浪費,1
5244,充满希望,1
5245,体系,1
5246,先用,1
5247,和蓉,1
5248,话语权,1
5249,孤高,1
5250,援助,1
5251,雖爽,1
5252,金融中心,1
5253,纽约,1
5254,铁粉,1
5255,不争气,1
5256,独戏,1
5257,念,1
5258,胜机,1
5259,和平,1
5260,美国式,1
5261,绿布,1
5262,载货,1
5263,色香味,1
5264,叽叽,1
5265,毛头,1
5266,电影厂,1
5267,可有可无,1
5268,捉,1
5269,首映,1
5270,年底,1
5271,天宫,1
5272,世俗,1
5273,带感,1
5274,出场,1
5275,一毛钱,1
5276,五毛,1
5277,題材,1
5278,边儿,1
5279,钢穴,1
5280,点映场,1
5281,黑点,1
5282,对立,1
5283,恐龙蛋,1
5284,精华,1
5285,下线,1
5286,悬疑,1
5287,多加,1
5288,硬科,1
5289,災難,1
5290,先说,1
5291,法力无边,1
5292,险些,1
5293,狂热,1
5294,这倒,1
5295,怀,1
5296,没完,1
5297,昨天,1
5298,抓住,1
5299,恍如隔世,1
5300,催淚,1
5301,拖家带口,1
5302,PTSD,1
5303,期待值,1
5304,黑夜,1
5305,无可厚非,1
5306,不用说,1
5307,榜上有名,1
5308,悬崖,1
5309,同力,1
5310,散发,1
5311,姗姗来迟,1
5312,十足,1
5313,民粹,1
5314,象征,1
5315,高考,1
5316,冻结,1
5317,举国上下,1
5318,蒙层,1
5319,苏拉威西,1
5320,不合时宜,1
5321,佳音,1
5322,低成本,1
5323,山峰,1
5324,帮帮,1
5325,企业,1
5326,麦演,1
5327,关系不大,1
5328,大禹治水,1
5329,轻松,1
5330,倾向,1
5331,平衡,1
5332,话说回来,1
5333,长条,1
5334,共勉,1
5335,毁掉,1
5336,既腻,1
5337,已知,1
5338,尽全力,1
5339,对位,1
5340,沟渠,1
5341,虚构,1
5342,尾,1
5343,比较复杂,1
5344,同感,1
5345,命題,1
5346,催,1
5347,下场,1
5348,早早,1
5349,没换,1
5350,譬如说,1
5351,蓝海,1
5352,殆尽,1
5353,丰满,1
5354,混杂着,1
5355,推着,1
5356,岂因祸福避趋之,1
5357,四颗星,1
5358,宣宣,1
5359,命令,1
5360,神力,1
5361,外衣,1
5362,通俗,1
5363,有点儿,1
5364,撕得,1
5365,一期,1
5366,扬眉吐气,1
5367,何去何从,1
5368,满脑子,1
5369,对不住,1
5370,掀桌,1
5371,会脑,1
5372,4D,1
5373,点点,1
5374,全体人员,1
5375,甩落,1
5376,流水账,1
5377,比漫威,1
5378,发紫,1
5379,心血,1
5380,摊手,1
5381,沉迷于,1
5382,经费,1
5383,貂皮大衣,1
5384,楼下,1
5385,起伏,1
5386,滑行,1
5387,是夠,1
5388,明知,1
5389,⋯,1
5390,自黑,1
5391,分享,1
5392,脱轨,1
5393,沟通,1
5394,数以万计,1
5395,兩分鐘,1
5396,京王,1
5397,一下子,1
5398,一小,1
5399,堪称,1
5400,吹毛求疵,1
5401,1.2058,1
5402,坨,1
5403,不硬,1
5404,荆棘,1
5405,有缺,1
5406,夸夸,1
5407,室外,1
5408,轮船,1
5409,融化,1
5410,领航,1
5411,请不起,1
5412,剧里,1
5413,序幕,1
5414,TA,1
5415,嚎,1
5416,文科生,1
5417,奴化,1
5418,馬,1
5419,暂,1
5420,缘起,1
5421,航天,1
5422,种族歧视,1
5423,细化,1
5424,红色警戒,1
5425,不太会,1
5426,冉冉,1
5427,哪能,1
5428,一杠,1
5429,此起彼伏,1
5430,哥斯拉,1
5431,睡着,1
5432,撞见,1
5433,那一,1
5434,金蛇,1
5435,中心主义,1
5436,限于,1
5437,低模,1
5438,里念,1
5439,京片子,1
5440,接到,1
5441,鼓吹,1
5442,土星,1
5443,酒法,1
5444,苛责,1
5445,队友,1
5446,idea,1
5447,根本无法,1
5448,囧,1
5449,喂饱,1
5450,人覺,1
5451,轻狂,1
5452,新闻,1
5453,份,1
5454,慌,1
5455,无形,1
5456,扮成,1
5457,挡,1
5458,有过之无不及,1
5459,炫丽,1
5460,美英,1
5461,身,1
5462,世界大同,1
5463,签,1
5464,耍,1
5465,数十万,1
5466,逼话,1
5467,冷血,1
5468,华夏,1
5469,取而代之,1
5470,感叹,1
5471,分割,1
5472,正中,1
5473,委屈,1
5474,喷成,1
5475,弹飞,1
5476,图感,1
5477,烟消云散,1
5478,收好,1
5479,輸出,1
5480,扛鼎之作,1
5481,总体而言,1
5482,敘事,1
5483,无数个,1
5484,拍拍,1
5485,小剧场,1
5486,三分之一,1
5487,平时,1
5488,多强,1
5489,赶不上,1
5490,尚未,1
5491,酒瓶子,1
5492,成分,1
5493,坚挺,1
5494,波士顿,1
5495,觉着,1
5496,机要,1
5497,送到,1
5498,拼接,1
5499,酒店,1
5500,一笑,1
5501,上够,1
5502,磨练,1
5503,60,1
5504,震颤,1
5505,小梗挺,1
5506,真多,1
5507,失误,1
5508,交接,1
5509,可要,1
5510,弱智,1
5511,留意,1
5512,吾国,1
5513,侧滑,1
5514,抽个,1
5515,指数,1
5516,力气,1
5517,循序渐进,1
5518,行人,1
5519,D版,1
5520,太仓促,1
5521,迷恋,1
5522,区,1
5523,奇迹般地,1
5524,感動,1
5525,至斯,1
5526,惊天大,1
5527,流露,1
5528,地笑点,1
5529,火把,1
5530,让给,1
5531,轻飘飘,1
5532,精卫填海,1
5533,龙凤呈祥,1
5534,手动,1
5535,粗手粗脚,1
5536,想一想,1
5537,奈尔,1
5538,停滞不前,1
5539,达到目标,1
5540,quote,1
5541,涂,1
5542,搜集,1
5543,每场,1
5544,跟风者,1
5545,完松,1
5546,262893024,1
5547,广播电台,1
5548,一站,1
5549,拍三体,1
5550,横批,1
5551,一节,1
5552,动力源,1
5553,看得人,1
5554,几把,1
5555,回报,1
5556,恨不得,1
5557,Einstein,1
5558,狂,1
5559,前路,1
5560,女人,1
5561,必,1
5562,满头,1
5563,这套,1
5564,故土,1
5565,幻影,1
5566,广大观众,1
5567,狂潮,1
5568,作呕,1
5569,两只,1
5570,支撑,1
5571,摆设,1
5572,嘴炮,1
5573,便,1
5574,things,1
5575,吹战,1
5576,邱少云,1
5577,献礼片,1
5578,主次,1
5579,酒劲,1
5580,书中,1
5581,贯穿,1
5582,算得,1
5583,硬气,1
5584,弥补,1
5585,助推,1
5586,婴儿,1
5587,画外音,1
5588,转场,1
5589,未臻,1
5590,嚷嚷,1
5591,相见,1
5592,障碍,1
5593,喜不喜欢,1
5594,消化不良,1
5595,丢,1
5596,掉头,1
5597,哭哭啼啼,1
5598,文献,1
5599,不缺,1
5600,蓝图,1
5601,接地,1
5602,至极,1
5603,上座率,1
5604,得益于,1
5605,和涛涛,1
5606,竞争,1
5607,洛希,1
5608,患者,1
5609,通体,1
5610,崩溃,1
5611,太小,1
5612,刺激,1
5613,迁移,1
5614,爸妈,1
5615,谷子,1
5616,剪碎切,1
5617,核动力,1
5618,美而,1
5619,打打气,1
5620,优质,1
5621,视域,1
5622,人太多,1
5623,近几年,1
5624,苦力,1
5625,年前,1
5626,景感,1
5627,怜爱,1
5628,起评,1
5629,不闷,1
5630,消解,1
5631,所饰,1
5632,习惯性,1
5633,我京暴,1
5634,职前,1
5635,降维,1
5636,夸赞,1
5637,一副,1
5638,戏使,1
5639,决心,1
5640,谱系,1
5641,黑前,1
5642,赞语,1
5643,casting,1
5644,媚俗,1
5645,没差,1
5646,4.5,1
5647,gt,1
5648,举止,1
5649,远处,1
5650,搞砸,1
5651,拜年,1
5652,祭天,1
5653,论证,1
5654,题,1
5655,战时,1
5656,第二部,1
5657,喊出来,1
5658,栖息,1
5659,倾注,1
5660,客套,1
5661,消隐,1
5662,屁,1
5663,英模,1
5664,有理有据,1
5665,外放,1
5666,灭,1
5667,纠纷,1
5668,申报,1
5669,脸上,1
5670,成長,1
5671,不折不扣,1
5672,genre,1
5673,加进去,1
5674,一席,1
5675,京味,1
5676,分辨,1
5677,番茄酱,1
5678,盔甲,1
5679,千疮百孔,1
5680,捆,1
5681,軌道,1
5682,人多,1
5683,远高于,1
5684,背负,1
5685,遍,1
5686,极限,1
5687,升华,1
5688,女婴,1
5689,满溢,1
5690,两件,1
5691,学,1
5692,二百五十,1
5693,压抑,1
5694,无可奈何,1
5695,生取,1
5696,越发,1
5697,何物,1
5698,起立,1
5699,老婆,1
5700,小姑娘,1
5701,大妈,1
5702,抽签,1
5703,班底,1
5704,0.1%,1
5705,宣发,1
5706,抛弃,1
5707,比前,1
5708,太好,1
5709,我妹,1
5710,停放,1
5711,魂,1
5712,麦取,1
5713,暴发户,1
5714,舆论,1
5715,坚守,1
5716,奇妙,1
5717,活下去,1
5718,迈大,1
5719,喚起,1
5720,名叫,1
5721,奢侈,1
5722,等同,1
5723,moment,1
5724,毛钱,1
5725,窜,1
5726,社交,1
5727,主观,1
5728,几句话,1
5729,超多,1
5730,一多,1
5731,家伙,1
5732,画出,1
5733,曙光,1
5734,挠,1
5735,孤注一掷,1
5736,呼吁,1
5737,学着点,1
5738,跟随,1
5739,怨恨,1
5740,年会,1
5741,容觀眾,1
5742,西安,1
5743,蜗居,1
5744,耍流氓,1
5745,焦点,1
5746,异,1
5747,奖项,1
5748,模样,1
5749,智,1
5750,五棵松,1
5751,第三世界,1
5752,尸体,1
5753,一成不变,1
5754,他妹,1
5755,文盲,1
5756,廉價,1
5757,一出场,1
5758,真像,1
5759,献上,1
5760,性癖,1
5761,唱反调,1
5762,刘亚仁,1
5763,神情,1
5764,疲,1
5765,nb,1
5766,小哥,1
5767,哥哥妹妹,1
5768,庄重,1
5769,发射器,1
5770,打星,1
5771,移民,1
5772,差成,1
5773,姐妹篇,1
5774,平静,1
5775,親人,1
5776,对撞,1
5777,诶,1
5778,推得动,1
5779,垂垂老矣,1
5780,拼命,1
5781,孙子,1
5782,味,1
5783,脑子,1
5784,刘镇伟,1
5785,汽修,1
5786,反應,1
5787,跟大流,1
5788,场外,1
5789,字正腔圆,1
5790,心灵鸡汤,1
5791,亲历,1
5792,韵,1
5793,外交部,1
5794,监狱,1
5795,农药,1
5796,和弦,1
5797,噎人,1
5798,无关,1
5799,接收,1
5800,四点,1
5801,戏看,1
5802,那份,1
5803,美玲,1
5804,顽强,1
5805,恢复,1
5806,素养,1
5807,无地自容,1
5808,单身,1
5809,当代史,1
5810,5.4,1
5811,°,1
5812,堆叠,1
5813,长时间,1
5814,公民,1
5815,破音,1
5816,提醒,1
5817,困惑,1
5818,还会,1
5819,不远处,1
5820,放到,1
5821,男演员,1
5822,年内,1
5823,这辈子,1
5824,翻翻,1
5825,震荡,1
5826,抒情,1
5827,毁坏,1
5828,激烈,1
5829,受众,1
5830,面子,1
5831,可怜,1
5832,悍,1
5833,全程无,1
5834,柔软,1
5835,日行,1
5836,转化,1
5837,分得,1
5838,秩序井然,1
5839,三體式,1
5840,起航,1
5841,迟,1
5842,里塌个,1
5843,汉景帝,1
5844,十二,1
5845,阳春面,1
5846,精致,1
5847,没见,1
5848,魔改,1
5849,大到,1
5850,办公楼,1
5851,奇幻,1
5852,毒奶,1
5853,捂脸,1
5854,还放,1
5855,共有,1
5856,WJ,1
5857,踏进,1
5858,点法,1
5859,未免太,1
5860,二者,1
5861,穿透力,1
5862,硬件,1
5863,负,1
5864,自带,1
5865,虚晃,1
5866,信,1
5867,居多,1
5868,莫名,1
5869,前因后果,1
5870,努力做到,1
5871,无数次,1
5872,中一遇,1
5873,张小北,1
5874,good,1
5875,贵,1
5876,兄妹情,1
5877,没救,1
5878,灭火,1
5879,语死,1
5880,身边,1
5881,表层,1
5882,地域,1
5883,居委会,1
5884,从里到外,1
5885,手松,1
5886,招募,1
5887,诠释,1
5888,并不知道,1
5889,乡土气,1
5890,目不暇接,1
5891,故去,1
5892,新海,1
5893,挡板,1
5894,一次次,1
5895,鬼子,1
5896,给力,1
5897,无助于,1
5898,自尽,1
5899,抠,1
5900,偷学,1
5901,失效,1
5902,斷,1
5903,國內,1
5904,精神状态,1
5905,切太快,1
5906,那俩,1
5907,留下来,1
5908,watching,1
5909,开枪,1
5910,毫无疑义,1
5911,空间结构,1
5912,陪葬,1
5913,裂,1
5914,89,1
5915,在意,1
5916,汤,1
5917,上大,1
5918,激昂,1
5919,绿巨人,1
5920,激荡,1
5921,圆球,1
5922,多久,1
5923,好奇心,1
5924,一个劲,1
5925,no.1,1
5926,开着,1
5927,大功,1
5928,密集,1
5929,历经,1
5930,女一,1
5931,十几分钟,1
5932,椅子,1
5933,遛个,1
5934,諢,1
5935,轰炸,1
5936,行不行,1
5937,新世界,1
5938,两面,1
5939,花钱,1
5940,两难,1
5941,事业,1
5942,杀,1
5943,這部戲,1
5944,跳跃,1
5945,人類,1
5946,大团圆,1
5947,限时,1
5948,临时,1
5949,挣脱,1
5950,韩产,1
5951,狼狗,1
5952,心脏,1
5953,求,1
5954,太硬,1
5955,赞歌,1
5956,而生,1
5957,囫囵,1
5958,汉斯,1
5959,踢出局,1
5960,参考价值,1
5961,做得好,1
5962,能立,1
5963,既视感,1
5964,致英,1
5965,一醒,1
5966,换成,1
5967,引起共鸣,1
5968,主权者,1
5969,要能,1
5970,踏入,1
5971,京京来,1
5972,優秀,1
5973,闯关,1
5974,预示,1
5975,舒爽,1
5976,年版,1
5977,本意,1
5978,佐证,1
5979,借来,1
5980,帮人,1
5981,不坏,1
5982,顺溜,1
5983,翻开,1
5984,东,1
5985,电话,1
5986,长城,1
5987,伟大成就,1
5988,气度,1
5989,原型,1
5990,大不一样,1
5991,宝贵,1
5992,骂来骂去,1
5993,称其为,1
5994,一夜,1
5995,毛主席,1
5996,果仁,1
5997,突突,1
5998,国导,1
5999,团圆,1
6000,劳资,1
6001,间隙,1
6002,牢房,1
6003,节日,1
6004,两极,1
6005,葱花,1
6006,不平,1
6007,文儿,1
6008,心机,1
6009,抗日,1
6010,运作,1
6011,效应,1
6012,好会,1
6013,铺排,1
6014,气势磅礴,1
6015,稍,1
6016,不合,1
6017,嗨,1
6018,india,1
6019,白壁,1
6020,等于,1
6021,洞察,1
6022,处境,1
6023,传扬,1
6024,狂想,1
6025,意象,1
6026,谈何,1
6027,想见,1
6028,巧妙,1
6029,麻将,1
6030,片长,1
6031,性能比,1
6032,说明性,1
6033,两条,1
6034,王磊,1
6035,亲朋好友,1
6036,破碎,1
6037,威,1
6038,假人,1
6039,更坏,1
6040,逆天,1
6041,90%,1
6042,金鸡奖,1
6043,袖子,1
6044,扛起,1
6045,种子,1
6046,发作,1
6047,指南,1
6048,冻住,1
6049,宇航,1
6050,强拆,1
6051,淡化,1
6052,徒有虚名,1
6053,着手,1
6054,大爷,1
6055,那場戲,1
6056,一身,1
6057,约,1
6058,之魂,1
6059,算小京喜,1
6060,二小,1
6061,购买,1
6062,overhyped,1
6063,青春,1
6064,土味,1
6065,大手笔,1
6066,贝加尔湖,1
6067,4.56,1
6068,促发展,1
6069,夹住,1
6070,褪去,1
6071,侧重点,1
6072,剧式,1
6073,那莫斯,1
6074,翻滚,1
6075,照片,1
6076,心怀,1
6077,扔下,1
6078,调教,1
6079,猶豫,1
6080,经济,1
6081,☄,1
6082,收益,1
6083,缺钱,1
6084,依赖,1
6085,一坑,1
6086,捨,1
6087,尴幽尬,1
6088,撕成,1
6089,美好,1
6090,很小,1
6091,凑凑,1
6092,往好,1
6093,剧情片,1
6094,审查,1
6095,世代,1
6096,帮,1
6097,赢家,1
6098,不合理,1
6099,全身,1
6100,赢,1
6101,边缘,1
6102,火種,1
6103,拄,1
6104,一笔带过,1
6105,卖惨,1
6106,过得去,1
6107,难忘,1
6108,吞没,1
6109,林妙,1
6110,讨好,1
6111,虎,1
6112,场次,1
6113,深重,1
6114,变老,1
6115,太多太晃,1
6116,破球,1
6117,拖累,1
6118,工程,1
6119,叭叭,1
6120,震得,1
6121,开天辟地,1
6122,作精,1
6123,含京量,1
6124,登堂入室,1
6125,离不开,1
6126,资金投入,1
6127,费解,1
6128,CICI,1
6129,斗狠,1
6130,彷,1
6131,出声,1
6132,老爷子,1
6133,无厘头,1
6134,向前走,1
6135,直入,1
6136,低到,1
6137,夹克,1
6138,默默无闻,1
6139,一听,1
6140,爸,1
6141,太棒了,1
6142,诚,1
6143,脾气,1
6144,3.2,1
6145,確認,1
6146,满屏,1
6147,源源不断,1
6148,春节假期,1
6149,暴力,1
6150,几部,1
6151,棒子,1
6152,并进,1
6153,粉,1
6154,寄予希望,1
6155,因素,1
6156,对照,1
6157,零分,1
6158,聪明,1
6159,复燃,1
6160,本涛,1
6161,本子,1
6162,一艘,1
6163,捐,1
6164,不教点,1
6165,圈钱,1
6166,电影吧,1
6167,最难,1
6168,记,1
6169,拿腔拿调,1
6170,神经质,1
6171,女孩儿,1
6172,废墟,1
6173,刘说,1
6174,柱子,1
6175,演成,1
6176,大海,1
6177,构想,1
6178,雄关,1
6179,先进,1
6180,分明,1
6181,没事,1
6182,窥见,1
6183,严肃,1
6184,同排,1
6185,寓言,1
6186,几率,1
6187,诘问,1
6188,轻重,1
6189,成型,1
6190,不连贯,1
6191,一路,1
6192,顾问,1
6193,剥去,1
6194,同心,1
6195,第三幕,1
6196,切身,1
6197,加成,1
6198,女浪,1
6199,tg,1
6200,无言,1
6201,庄严肃穆,1
6202,超拔,1
6203,描绘,1
6204,不多不少,1
6205,笔下,1
6206,摘下,1
6207,浮动,1
6208,没到,1
6209,这事,1
6210,理科生,1
6211,温柔,1
6212,想通,1
6213,逼迫,1
6214,社会性,1
6215,薯条,1
6216,机械设计,1
6217,调度,1
6218,角色扮演,1
6219,传,1
6220,公允,1
6221,勸退,1
6222,油腻,1
6223,旗帜,1
6224,钥匙扣,1
6225,敞开,1
6226,审,1
6227,review,1
6228,北方,1
6229,导向,1
6230,修过,1
6231,鲁刚,1
6232,重配,1
6233,副,1
6234,帝王,1
6235,捉襟见肘,1
6236,调转,1
6237,好些,1
6238,阉割,1
6239,人犯,1
6240,這一點,1
6241,一会儿,1
6242,太对,1
6243,2.0,1
6244,剔除,1
6245,五六十,1
6246,老雷,1
6247,根深蒂固,1
6248,四十岁,1
6249,十块钱,1
6250,咱有,1
6251,俯拾皆是,1
6252,不难看出,1
6253,够本,1
6254,刘是,1
6255,庄宇,1
6256,剩,1
6257,浪漫主义,1
6258,赶超,1
6259,醒,1
6260,发表,1
6261,劫波,1
6262,新篇章,1
6263,No.9,1
6264,苟活,1
6265,人文精神,1
6266,隔壁,1
6267,联想,1
6268,说得过去,1
6269,深度,1
6270,话筒,1
6271,一如,1
6272,矬,1
6273,荒地,1
6274,虚假,1
6275,寄予厚望,1
6276,五洲,1
6277,蹩脚,1
6278,保住,1
6279,重任,1
6280,搬走,1
6281,雷点,1
6282,混响,1
6283,大气磅礴,1
6284,出演,1
6285,完有,1
6286,油膩,1
6287,激,1
6288,两点,1
6289,🤷,1
6290,新作,1
6291,无望,1
6292,张,1
6293,指标性,1
6294,Hybrid,1
6295,眼前,1
6296,经典台词,1
6297,炫,1
6298,不期而遇,1
6299,不舍,1
6300,预案,1
6301,忍着,1
6302,盆友,1
6303,拍够,1
6304,😞,1
6305,誉,1
6306,加大,1
6307,爱上,1
6308,氦,1
6309,正義,1
6310,糙,1
6311,前段,1
6312,不亚于,1
6313,放火,1
6314,关心,1
6315,专注,1
6316,权衡,1
6317,机遇,1
6318,鮮明,1
6319,小时候,1
6320,碰上,1
6321,看不懂,1
6322,硬刚,1
6323,第二次,1
6324,魔,1
6325,蓝翔,1
6326,总得,1
6327,他者,1
6328,猎奇,1
6329,双丰收,1
6330,二流,1
6331,老子,1
6332,韩国,1
6333,火星子,1
6334,甩,1
6335,枯,1
6336,且不论,1
6337,電梯,1
6338,故障,1
6339,长足进步,1
6340,老兵,1
6341,杨威利,1
6342,配上,1
6343,背,1
6344,两分,1
6345,科技进步,1
6346,巔峰,1
6347,重点,1
6348,风雷,1
6349,物理所,1
6350,毒,1
6351,一意孤行,1
6352,明年,1
6353,那颗,1
6354,共享,1
6355,清高,1
6356,英雄式,1
6357,不太够,1
6358,诛,1
6359,爆破,1
6360,浪淘沙,1
6361,吞,1
6362,暗示,1
6363,城乡,1
6364,成家,1
6365,复仇,1
6366,填满,1
6367,阴谋论,1
6368,子孙,1
6369,有余,1
6370,天下,1
6371,高冷,1
6372,照妖镜,1
6373,景象,1
6374,曲折,1
6375,诺兰,1
6376,半点,1
6377,生离死别,1
6378,急忙,1
6379,下方,1
6380,天国,1
6381,回音,1
6382,簡單,1
6383,巨额,1
6384,分层,1
6385,｡,1
6386,防护服,1
6387,照顾,1
6388,同名,1
6389,为表,1
6390,火球,1
6391,虽显,1
6392,稍显,1
6393,高于,1
6394,纪录片,1
6395,俄狄浦斯,1
6396,一己,1
6397,挺棒,1
6398,聊尬,1
6399,色情,1
6400,战狼式,1
6401,露怯,1
6402,但绝,1
6403,女主角,1
6404,不去,1
6405,实体化,1
6406,不過,1
6407,OST,1
6408,纪律,1
6409,自不必说,1
6410,健壮,1
6411,tmd,1
6412,更多人,1
6413,内讧,1
6414,劲儿,1
6415,达美,1
6416,分不太,1
6417,故事片,1
6418,提防,1
6419,步调,1
6420,一队,1
6421,很贵,1
6422,毕业生,1
6423,牛逼到,1
6424,数据库,1
6425,日月星辰,1
6426,就此结束,1
6427,有时候,1
6428,心寒,1
6429,黑得,1
6430,浸透,1
6431,看好,1
6432,隐藏,1
6433,敌营,1
6434,逻辑关系,1
6435,顾,1
6436,负载,1
6437,季默,1
6438,城里,1
6439,建筑物,1
6440,孩的,1
6441,零下,1
6442,发言,1
6443,过快,1
6444,厚重,1
6445,道貌岸然,1
6446,喷射,1
6447,退,1
6448,忠实,1
6449,喜悦,1
6450,S,1
6451,对仗,1
6452,控制系统,1
6453,评出,1
6454,乐观主义,1
6455,化作,1
6456,会儿,1
6457,漫画式,1
6458,Stereotype,1
6459,无疾而终,1
6460,😓,1
6461,吴京长,1
6462,给面子,1
6463,古老,1
6464,人伦,1
6465,反对,1
6466,狮子,1
6467,撩动,1
6468,棚,1
6469,慷慨激昂,1
6470,照搬,1
6471,だ,1
6472,冰冻,1
6473,围着,1
6474,小生,1
6475,熟稔,1
6476,苦涩,1
6477,文学,1
6478,优缺点,1
6479,隐含,1
6480,灭不灭,1
6481,很赞,1
6482,丑态百出,1
6483,蠢,1
6484,理,1
6485,独树一帜,1
6486,背道而驰,1
6487,人之于,1
6488,骗局,1
6489,这点儿,1
6490,一細想,1
6491,撞车,1
6492,疲惫,1
6493,造,1
6494,对抗,1
6495,无缝,1
6496,通融,1
6497,考究,1
6498,局限,1
6499,清新,1
6500,抽远,1
6501,充实,1
6502,公私,1
6503,最让人,1
6504,画质,1
6505,无异于,1
6506,满腔热血,1
6507,第三次,1
6508,等同于,1
6509,耳熟能详,1
6510,恶意,1
6511,英,1
6512,隋凯,1
6513,违背,1
6514,更何况,1
6515,瞪眼,1
6516,收回,1
6517,清末,1
6518,用爱,1
6519,同档,1
6520,使然,1
6521,影史,1
6522,脱颖而出,1
6523,语文课,1
6524,毫无意义,1
6525,牛顿,1
6526,真不白,1
6527,已属,1
6528,最起码,1
6529,牛毛,1
6530,自尊心,1
6531,经得起,1
6532,同传机,1
6533,意義,1
6534,话题,1
6535,咔嚓,1
6536,理科,1
6537,夹,1
6538,循着,1
6539,得太差,1
6540,烟花爆竹,1
6541,複,1
6542,太假,1
6543,小确,1
6544,顺民,1
6545,u,1
6546,特指,1
6547,形而上,1
6548,咋样,1
6549,金星,1
6550,4DX,1
6551,匍匐,1
6552,民众,1
6553,ge,1
6554,联想起,1
6555,孤苦,1
6556,兩行淚,1
6557,法理,1
6558,SF,1
6559,第一炮,1
6560,笔仙,1
6561,观沧海,1
6562,尾迹,1
6563,所带,1
6564,那次,1
6565,中翻,1
6566,永驻,1
6567,前提,1
6568,社会秩序,1
6569,算了,1
6570,硬是,1
6571,漫画,1
6572,纬度,1
6573,有后,1
6574,移植,1
6575,万人,1
6576,不同于,1
6577,跪拜,1
6578,短时间,1
6579,龙标,1
6580,略过,1
6581,不合逻辑,1
6582,btw,1
6583,艺指,1
6584,成熟度,1
6585,糾纏,1
6586,奥斯卡,1
6587,无后,1
6588,劣根性,1
6589,千里,1
6590,明星,1
6591,害死,1
6592,大屏幕,1
6593,好感,1
6594,罗辑,1
6595,囊括,1
6596,壮烈,1
6597,太累,1
6598,精准,1
6599,实际操作,1
6600,莽撞,1
6601,最惨,1
6602,一点儿,1
6603,战栗,1
6604,微暇,1
6605,quality,1
6606,不正,1
6607,气死,1
6608,辨识,1
6609,衡量,1
6610,福布斯,1
6611,博弈,1
6612,鸡蛋里挑,1
6613,全占,1
6614,不周,1
6615,比较简单,1
6616,关键点,1
6617,冷战,1
6618,嘈杂,1
6619,一言難,1
6620,服从,1
6621,高质量,1
6622,誰,1
6623,愚公,1
6624,催生,1
6625,不足以,1
6626,惊愕,1
6627,成年人,1
6628,跑过来,1
6629,后羿,1
6630,陡峭,1
6631,上地,1
6632,自然而然,1
6633,样板戏,1
6634,掏出,1
6635,上能,1
6636,刊发,1
6637,读出来,1
6638,自甘,1
6639,迟钝,1
6640,个人主义,1
6641,牵强,1
6642,网站,1
6643,拖後腿,1
6644,极权,1
6645,数不清,1
6646,俗套,1
6647,没起,1
6648,脆弱,1
6649,ps,1
6650,往里面,1
6651,三元,1
6652,祖辈,1
6653,无伤大雅,1
6654,人主義,1
6655,造作,1
6656,毫无道理,1
6657,两线,1
6658,不符,1
6659,渺茫,1
6660,通告,1
6661,很入,1
6662,光束,1
6663,撇开,1
6664,凤毛麟角,1
6665,女生,1
6666,提及,1
6667,连续,1
6668,联邦,1
6669,emotionless,1
6670,難以,1
6671,一二,1
6672,切入,1
6673,根本就是,1
6674,照葫芦画瓢,1
6675,欢乐,1
6676,下坠,1
6677,進步,1
6678,抖音,1
6679,绿幕,1
6680,无条件,1
6681,投影,1
6682,呼救,1
6683,特质,1
6684,其實,1
6685,写作,1
6686,大可不必,1
6687,列,1
6688,提示,1
6689,身兼,1
6690,不讲道理,1
6691,狂舞,1
6692,迈步,1
6693,非理性,1
6694,歡呼,1
6695,洲际导弹,1
6696,向往,1
6697,黑破球,1
6698,额外,1
6699,苏俄,1
6700,做出,1
6701,不归路,1
6702,抽烟,1
6703,优异,1
6704,意料之外,1
6705,特征,1
6706,国际级,1
6707,我要,1
6708,vr,1
6709,唏嘘,1
6710,欠佳,1
6711,落下,1
6712,龙珠,1
6713,An,1
6714,代表作,1
6715,讨人厌,1
6716,饱,1
6717,鸡皮疙瘩,1
6718,麻看,1
6719,不痛不痒,1
6720,陈,1
6721,皱眉,1
6722,仍愿,1
6723,坎坷,1
6724,整得,1
6725,挑毛病,1
6726,事物,1
6727,不逊,1
6728,不忘办,1
6729,字数,1
6730,脂人,1
6731,为数不多,1
6732,事故,1
6733,自我陶醉,1
6734,下怀,1
6735,I,1
6736,燃两大,1
6737,制服,1
6738,想个办法,1
6739,绝境,1
6740,互联网,1
6741,顶到,1
6742,发电,1
6743,言,1
6744,条,1
6745,狼里,1
6746,反衬,1
6747,来势汹汹,1
6748,原子化,1
6749,美中不足,1
6750,代價,1
6751,走马观花,1
6752,网上,1
6753,萝莉,1
6754,1.5,1
6755,忘却,1
6756,能用,1
6757,眉毛,1
6758,有如,1
6759,混血儿,1
6760,花錢,1
6761,悲情,1
6762,再造,1
6763,委,1
6764,种花,1
6765,货色,1
6766,修真文,1
6767,风范,1
6768,群情,1
6769,锚定,1
6770,体会,1
6771,紊乱,1
6772,十分钟,1
6773,刘在,1
6774,一板一眼,1
6775,开篇,1
6776,天空,1
6777,在世,1
6778,Scream,1
6779,地形,1
6780,放心,1
6781,威海,1
6782,毛泽东,1
6783,小毛病,1
6784,深蓝,1
6785,崩盘,1
6786,划清界限,1
6787,2019.2,1
6788,色彩纷呈,1
6789,创作者,1
6790,多去,1
6791,高效,1
6792,日后,1
6793,兴衰,1
6794,Npc,1
6795,超英,1
6796,住家,1
6797,淪為,1
6798,目不转睛,1
6799,扎,1
6800,基调,1
6801,便是,1
6802,日剧,1
6803,别跑,1
6804,合力,1
6805,射日,1
6806,战狼版,1
6807,多得,1
6808,瓦解,1
6809,最糟,1
6810,京,1
6811,每次,1
6812,两年,1
6813,取之不尽,1
6814,管家,1
6815,后配,1
6816,機械化,1
6817,热血沸腾,1
6818,保留意见,1
6819,迷人,1
6820,心態,1
6821,趣事,1
6822,余味,1
6823,分散,1
6824,姆们,1
6825,无奈,1
6826,失衡,1
6827,综述,1
6828,从头到尾,1
6829,绵长,1
6830,底下,1
6831,暂未,1
6832,画林,1
6833,灌,1
6834,溜出去,1
6835,́,1
6836,放眼,1
6837,符合中国,1
6838,缺點,1
6839,小時,1
6840,京戏,1
6841,筋式,1
6842,木卫二,1
6843,出生,1
6844,风大,1
6845,影迷会,1
6846,几遍,1
6847,崩,1
6848,没炖,1
6849,精确,1
6850,化成,1
6851,非他莫属,1
6852,四溅,1
6853,争论,1
6854,扯蛋,1
6855,无可反驳,1
6856,盟友,1
6857,嘴里,1
6858,换汤不换药,1
6859,来电,1
6860,大调,1
6861,老美,1
6862,安全带,1
6863,执意,1
6864,就别,1
6865,明快,1
6866,能少,1
6867,杂糅,1
6868,嘞,1
6869,瑰丽,1
6870,二维,1
6871,唤询,1
6872,背部,1
6873,图景,1
6874,感全,1
6875,整场,1
6876,醒来,1
6877,发生巨变,1
6878,爆天,1
6879,酱油,1
6880,确有,1
6881,慢慢,1
6882,夸,1
6883,备荒,1
6884,解放前,1
6885,卡住,1
6886,养女,1
6887,好男儿,1
6888,惊险刺激,1
6889,材料,1
6890,看个,1
6891,出色,1
6892,开走,1
6893,不愧,1
6894,坐满,1
6895,新家园,1
6896,堕,1
6897,环保,1
6898,空到,1
6899,称之为,1
6900,解决问题,1
6901,合着,1
6902,必然选择,1
6903,回避,1
6904,結合,1
6905,扪心自问,1
6906,蠢即,1
6907,时间轴,1
6908,捉妖,1
6909,A,1
6910,印泰,1
6911,多钱,1
6912,强音,1
6913,吴,1
6914,小小的,1
6915,俘获,1
6916,游行,1
6917,耳膜,1
6918,险情,1
6919,解,1
6920,俏皮,1
6921,诡谲,1
6922,国贸,1
6923,打鸣,1
6924,好太多,1
6925,硬挤,1
6926,眼中,1
6927,配给,1
6928,负负得正,1
6929,下联,1
6930,极渣,1
6931,务必,1
6932,老一套,1
6933,闪闪发光,1
6934,麦康纳,1
6935,澄清,1
6936,临界点,1
6937,假设,1
6938,揠苗助长,1
6939,开玩笑,1
6940,带头人,1
6941,大规模,1
6942,装傻充愣,1
6943,定会,1
6944,入场,1
6945,焦虑,1
6946,修,1
6947,若干年,1
6948,设想,1
6949,灯塔,1
6950,迷幻,1
6951,索性,1
6952,泛滥,1
